name,state,country,latitude,longitude
Mumbai,,India,19.07283,72.88261
Delhi,,India,28.65195,77.23149
Bengaluru,,India,12.97194,77.59369
Hyderabad,,India,17.38405,78.45636
Ahmedabad,,India,23.02579,72.58727
Chennai,,India,13.08784,80.27847
Kolkata,,India,22.56263,88.36304
Surat,,India,21.19594,72.83023
Pune,,India,18.51957,73.85535
Jaipur,,India,26.91962,75.78781
Kanpur,,India,26.46523,80.34975
Navi Mumbai,,India,19.03681,73.01582
Lucknow,,India,26.83928,80.92313
Nagpur,,India,21.14631,79.08491
Coimbatore,,India,11.00555,76.96612
Indore,,India,22.71792,75.8333
Thāne,,India,19.19704,72.96355
Vadodara,,India,22.29941,73.20812
Bhopal,,India,23.25469,77.40289
Rasapūdipalem,,India,17.73308,83.31622
Pimpri-Chinchwad,,India,18.61867,73.80375
Patna,,India,25.59408,85.13563
Kallakurichi,,India,11.73379,78.95925
Ludhiana,,India,30.91204,75.85379
Nashik,,India,19.99727,73.79096
Madurai,,India,9.919,78.11953
Tirunelveli,,India,8.72742,77.6838
Agra,,India,27.18333,78.01667
Faridabad,,India,28.41124,77.31316
Rājkot,,India,22.29161,70.79322
Najafgarh,,India,28.60922,76.97982
Jamshedpur,,India,22.80278,86.18545
Gorakhpur,,India,29.44768,75.67206
Pimpri,,India,18.62292,73.80696
Kalyān,,India,19.2437,73.13554
Dombivali,,India,19.21667,73.08333
Meerut,,India,28.98002,77.70636
Virār,,India,19.45591,72.81136
Nowrangapur,,India,19.23114,82.54826
Srinagar,,India,34.08565,74.80555
Ghāziābād,,India,28.66535,77.43915
Dhanbad,,India,23.79759,86.42992
Aurangabad,,India,19.87757,75.34226
Varanasi,,India,25.31668,83.01041
Amritsar,,India,31.62234,74.87534
Vijayawada,,India,16.50745,80.6466
Ranchi,,India,23.34316,85.3094
Jabalpur,,India,23.16697,79.95006
Prayagraj,,India,25.44478,81.84322
Visakhapatnam,,India,17.68009,83.20161
Jodhpur,,India,26.26841,73.00594
Gwalior,,India,26.22983,78.17337
Teni,,India,10.01115,77.47772
Howrah,,India,22.57688,88.31857
Raipur,,India,21.23333,81.63333
Tiruchirappalli,,India,10.8155,78.69651
Kota,,India,25.18254,75.83907
Shivaji Nagar,,India,18.53017,73.85263
Sholapur,,India,17.67152,75.91044
Chandigarh,,India,30.73629,76.7884
Tiruppur,,India,11.11541,77.35456
Guwahati,,India,26.1844,91.7458
Hubballi,,India,15.34776,75.13378
Mysuru,,India,12.29791,76.63925
Salem,,India,11.65376,78.15538
Gurugram,,India,28.4601,77.02635
Bhubaneswar,,India,20.27241,85.83385
Bhiwandi,,India,19.30023,73.05881
Jalandhar,,India,31.32556,75.57917
Rohini,,India,28.74322,77.06778
Kanayannur,,India,9.96667,76.26667
Bhayandar,,India,19.30157,72.85107
Narela,,India,28.85267,77.09288
Thiruvananthapuram,,India,8.4855,76.94924
Alīgarh,,India,27.88145,78.07464
Bareilly,,India,28.36678,79.43167
Morādābād,,India,28.83893,78.77684
Warangal,,India,18.0,79.58333
Dhārāvi,,India,19.05,72.86667
Gorakhpur,,India,26.76628,83.36889
Guntur,,India,16.29974,80.45729
Puducherry,,India,11.93381,79.82979
Amravati,,India,20.93333,77.75
Bikaner,,India,28.01762,73.31495
Kochi,,India,9.93988,76.26022
Bhilai,,India,21.20919,81.4285
Cuttack,,India,20.46497,85.87927
Borivli,,India,19.23496,72.85976
Bhavnagar,,India,21.76287,72.15331
Sāngli,,India,16.85438,74.56417
Jamnagar,,India,22.47292,70.06673
Jammu,,India,32.73528,74.86167
Bokāro,,India,23.66934,86.15161
Nanded,,India,19.16023,77.31497
Kozhikode,,India,11.24802,75.7804
Kolhāpur,,India,16.69563,74.23167
Nellore,,India,14.44992,79.98697
Kalaburagi,,India,17.33583,76.83757
Ajmer,,India,26.4521,74.63867
Dehradun,,India,30.32443,78.03392
Erode,,India,11.3428,77.72741
Durgapur,,India,23.51583,87.30801
Ulhasnagar,,India,19.21667,73.15
Loni,,India,28.75143,77.29023
Siliguri,,India,26.71004,88.42851
Ujjain,,India,23.18239,75.77643
Bilimora,,India,20.76957,72.96134
Karol Bāgh,,India,28.65136,77.19072
Āsansol,,India,23.68333,86.98333
Mangaluru,,India,12.91723,74.85603
Belagavi,,India,15.85212,74.50447
Sahāranpur,,India,29.9679,77.54522
Vellore,,India,12.9184,79.13255
Bhātpāra,,India,22.86643,88.40113
Malegaon,,India,20.54966,74.53462
Gaya,,India,24.79686,85.00385
Ambattur,,India,13.09818,80.16152
Jalgaon,,India,21.00292,75.56602
Kurnool,,India,15.82887,78.03602
Rāmgundam,,India,18.80084,79.45206
Udaipur,,India,24.58584,73.71346
Maheshtala,,India,22.50862,88.25322
Patiāla,,India,30.33625,76.3922
Shyamnagar,,India,22.83333,88.36667
Davangere,,India,14.46693,75.92694
Akola,,India,20.70957,76.9981
Rajpur Sonarpur,,India,22.4382,88.43205
Korba,,India,22.3458,82.69633
Jhānsi,,India,25.45887,78.57994
Thoothukudi,,India,8.76735,78.13425
Ballari,,India,15.14205,76.92398
Bhāgalpur,,India,25.24446,86.97183
Agartala,,India,23.83605,91.27939
Kākināda,,India,16.96036,82.23809
Latur,,India,18.39721,76.56784
Pānihāti,,India,22.69089,88.37404
Rajamahendravaram,,India,17.00517,81.77784
Dhule,,India,20.9013,74.77737
Rohtak,,India,28.89447,76.58917
Ahilyanagar,,India,19.09457,74.73843
Kollam,,India,8.88113,76.58469
Bilāspur,,India,22.08005,82.15543
Bhilwara,,India,25.34707,74.64081
Brahmapur,,India,19.31151,84.7929
Muzaffarpur,,India,26.12259,85.39055
Punāsa,,India,22.23507,76.39335
Muzaffarnagar,,India,29.47091,77.70332
Avadi,,India,13.1147,80.10981
Kadapa,,India,14.47995,78.82346
Kukatpally,,India,17.48486,78.41376
Kāmārhāti,,India,22.67111,88.37472
Mathura,,India,27.5035,77.67215
Chānda,,India,19.95076,79.29523
Vijayapura,,India,16.82442,75.71537
Shivamogga,,India,13.93157,75.56791
Alwar,,India,27.56246,76.625
Shāhjānpur,,India,27.88165,79.90918
Jūnāgadh,,India,21.51966,70.45981
New Delhi,,India,28.62137,77.2148
Thrissur,,India,10.51667,76.21667
Nizāmābād,,India,18.67154,78.0988
Tumkūr,,India,13.34136,77.1022
Parbhani,,India,19.26855,76.77081
Hisar,,India,29.15394,75.72294
Fīrozābād,,India,27.15092,78.39781
Kulti,,India,23.73166,86.84372
Karnāl,,India,29.69197,76.98448
Barddhamān,,India,23.25572,87.85691
Gundupālaiyam,,India,11.94096,79.80294
Bārāsat,,India,22.72154,88.48198
Mulugu,,India,18.191,79.943
Bihār Sharīf,,India,25.20084,85.52389
Bāli,,India,22.64859,88.34115
Rāmpur,,India,28.81014,79.02699
Darbhanga,,India,26.15216,85.89707
Panipat,,India,29.38747,76.96825
Tirupati,,India,13.63551,79.41989
Greater Noida,,India,28.49615,77.53601
Noida,,India,28.58,77.33
Aizawl,,India,23.72894,92.71791
Gandhinagar,,India,23.21667,72.68333
Dindigul,,India,10.36896,77.98036
Thanjavur,,India,10.78523,79.13909
Karīmnagar,,India,18.43915,79.12856
Dewas,,India,22.96585,76.05526
Sonīpat,,India,28.99478,77.01937
Ichalkaranji,,India,16.69117,74.46054
Bathinda,,India,30.20747,74.93893
Jālna,,India,19.84102,75.88636
Kirāri Sulemānnagar,,India,28.69736,77.0648
Satna,,India,24.57726,80.82719
Purnia,,India,25.77895,87.47422
Imphal,,India,24.80805,93.9442
Saugor,,India,23.83877,78.73874
Kushinagar,,India,26.74134,83.88689
Rourkela,,India,22.22496,84.86414
Durg,,India,21.19147,81.27619
Anantapur,,India,14.67784,77.60813
Ratlām,,India,23.33033,75.04032
Rānipet,,India,12.92471,79.33331
Lal Bahadur Nagar,,India,17.34769,78.55757
Arrah,,India,25.55629,84.66335
Baranagar,,India,22.64132,88.37727
Gajuwaka,,India,17.7,83.21667
Etāwah,,India,26.77615,79.02133
Ambarnath,,India,19.2,73.16667
Naihāti,,India,22.89396,88.41521
Bharatpur,,India,27.21731,77.49009
Begusarai,,India,25.41853,86.13389
Tiruvottiyūr,,India,13.15823,80.30181
Gāndhīdhām,,India,23.08333,70.13333
Mau,,India,25.94167,83.56111
Sīkar,,India,27.61206,75.13996
Ramagundam,,India,18.755,79.474
Hāpur,,India,28.72985,77.78068
Farrukhābād,,India,27.39134,79.5793
Alappuzha,,India,9.49004,76.3264
Katihar,,India,25.53852,87.57044
Sri Ganganagar,,India,29.92009,73.87496
Rewa,,India,24.53256,81.29234
Uluberiya,,India,22.4756,88.09898
Sivakasi,,India,9.44999,77.79797
Karur,,India,10.95771,78.08095
Rāichūr,,India,16.20546,77.35567
Pallāvaram,,India,12.96796,80.15025
Ooty,,India,11.4134,76.69521
Pāli,,India,25.77276,73.32335
Hosūr,,India,12.73647,77.83264
Vizianagaram,,India,18.11692,83.41148
Shrīrāmpur,,India,22.75278,88.34222
Quthbullapur,,India,17.50107,78.45818
Nadiād,,India,22.69385,72.86157
Nāgercoil,,India,8.17899,77.43227
Karāwalnagar,,India,28.72712,77.27047
Mango,,India,22.8275,86.21639
Murwāra,,India,23.83776,80.39405
Kanchipuram,,India,12.83515,79.70006
Singrauli,,India,24.19973,82.67535
Mirzāpur,,India,25.1449,82.56534
Kharagpur,,India,22.33971,87.32501
Eluru,,India,16.71311,81.10437
Rāniganj,,India,17.42841,78.49361
Yamuna Nagar,,India,30.12796,77.28371
Raurkela Industrial Township,,India,22.19994,84.86176
Bidar,,India,17.90802,77.51524
Munger,,India,25.37459,86.47455
Nandyāl,,India,15.47799,78.4836
Panchkula,,India,30.69461,76.8504
Burhānpur,,India,21.30868,76.23026
Morvi,,India,22.81731,70.8377
Anand,,India,22.55251,72.9552
Ongole,,India,15.50357,80.04454
Hosapete,,India,15.26954,76.3871
Nāngloi Jāt,,India,28.67957,77.06799
Secunderabad,,India,17.50427,78.54263
Deoghar,,India,24.48983,86.69902
Chāpra,,India,25.78031,84.74709
Khandwa,,India,21.82427,76.35086
Puri,,India,19.79825,85.82494
Morena,,India,26.49892,77.99534
Gyānpur,,India,25.33268,82.46637
Bulandshahr,,India,28.40392,77.85773
Bhind,,India,26.56671,78.78728
Bhālswa Jahangirpur,,India,28.73558,77.16682
Khammam,,India,17.24767,80.14368
Sambhal,,India,28.58498,78.56959
Bhiwāni,,India,28.79304,76.13968
Panvel,,India,18.98878,73.11013
Ambāla,,India,30.36099,76.79782
Kumarapalayam,,India,11.44495,77.71102
Machilīpatnam,,India,16.18747,81.13888
Mahesāna,,India,23.59864,72.38472
Mahbūbnagar,,India,16.74385,77.98597
Sambalpur,,India,21.46527,83.97573
Bhusawal,,India,21.04365,75.78506
Raebareli,,India,26.2309,81.23315
Haridwar,,India,29.94791,78.16025
Phusro,,India,23.75644,86.0051
Adoni,,India,15.62788,77.27495
Sūjāngarh,,India,27.7,74.46667
Sirsa,,India,29.53489,75.02898
Dinapur Nizamat,,India,25.63847,85.05118
Bahraigh,,India,27.57429,81.59474
Kāraikkudi,,India,10.06615,78.76784
Sultan Pur Majra,,India,28.68966,77.07648
Guna,,India,24.64691,77.3113
Chandannagar,,India,22.86225,88.36796
Baharampur,,India,24.10473,88.25155
Shahuwadi,,India,16.90993,73.94654
Madanapalle,,India,13.5503,78.50288
Shivpuri,,India,25.42378,77.66223
Surendranagar,,India,22.72706,71.64856
Neyveli,,India,11.60877,79.4994
Silchar,,India,24.82733,92.79787
Proddatūr,,India,14.7502,78.54813
Hugli,,India,22.90877,88.39674
Hashtsāl,,India,28.63406,77.05771
Amroha,,India,28.90314,78.46984
Chhindwāra,,India,22.05697,78.93958
Tambaram,,India,12.9246,80.12707
Bhetia,,India,22.79321,86.14098
Pathānkot,,India,32.27484,75.65287
Badlapur,,India,19.15516,73.26553
Cuddalore,,India,11.75617,79.76693
Shimla,,India,31.10442,77.16662
Gadag-Betageri,,India,15.4167,75.6167
Gadag,,India,15.42977,75.62971
Verāval,,India,20.9077,70.36786
Navsari,,India,20.94237,72.92467
Bahadurgarh,,India,28.69287,76.93555
Haldia,,India,22.06046,88.10975
Rāiganj,,India,25.61281,88.12449
Malda,,India,25.00447,88.14573
Jaunpur,,India,25.75356,82.68689
Deoli,,India,28.50254,77.23117
Bharūch,,India,21.69482,72.9805
Hoshiārpur,,India,31.53723,75.91269
Jīnd,,India,29.31577,76.31502
Kumbakonam,,India,10.96209,79.39124
Mohali,,India,30.67995,76.72211
Fatehpur,,India,25.92774,80.81266
Tonk,,India,26.16638,75.78824
Udupi,,India,13.33467,74.74617
Thenali,,India,16.24253,80.63982
Sītāpur,,India,27.56192,80.68265
Alandur,,India,13.0025,80.20611
Bhadrāvati,,India,13.84846,75.70502
Vapi,,India,20.37175,72.90493
Moga,,India,30.81383,75.16878
Rāj-Nāndgaon,,India,21.09687,81.0289
Robertsonpet,,India,12.95629,78.27539
Unnāo,,India,26.54706,80.48781
Budaun,,India,28.03811,79.12668
Madhyamgram,,India,22.68944,88.44594
Chittoor,,India,13.21055,79.0956
Jāmuria,,India,23.70468,87.07872
Jaigaon,,India,26.84766,89.37558
Batāla,,India,31.80921,75.20294
Orai,,India,25.99023,79.45334
Saharsa,,India,25.87498,86.59611
Vidisha,,India,23.52604,77.81092
Hanumāngarh,,India,29.58182,74.32938
Thānesar,,India,29.97323,76.83214
Hassan,,India,13.00715,76.0962
Kishangarh,,India,26.59006,74.85397
Dalūpura,,India,28.6057,77.31901
Rudrapur,,India,28.98,79.4
Nalgonda,,India,17.05439,79.26707
Hazāribāgh,,India,23.99241,85.36162
Medinīpur,,India,22.42114,87.32257
Bālurghāt,,India,25.22099,88.77732
Fyzābād,,India,26.77549,82.15018
Dinapore,,India,25.63705,85.04794
Porbandar,,India,21.64219,69.60929
Bānda,,India,25.47758,80.33491
Hindupur,,India,13.82807,77.49143
Beāwar,,India,26.10119,74.32028
Anantnag,,India,33.73068,75.15418
Serilingampalle,,India,17.49313,78.30196
Raigarh,,India,21.89764,83.3966
Malkajgiri,,India,17.44781,78.52633
Shāntipur,,India,23.24723,88.43302
Bhuj,,India,23.25397,69.66928
Bārākpur,,India,22.76602,88.36336
Hājīpur,,India,25.68544,85.20981
Sasarām,,India,24.94942,84.01645
Bhimavaram,,India,16.54078,81.52322
Beed,,India,18.98921,75.75634
Burāri,,India,28.7557,77.19941
Krishnanagar,,India,23.40576,88.49073
Chitradurga,,India,14.22262,76.40038
Dibrugarh,,India,27.47989,94.90837
Abohar,,India,30.14453,74.19552
Tiruvannamalai,,India,12.22662,79.07461
Kaithal,,India,29.80153,76.39959
Balasore,,India,21.49266,86.93348
Godhra,,India,22.77547,73.61488
Shillong,,India,25.56892,91.88313
Rewāri,,India,28.199,76.6183
Basirhat City,,India,22.66142,88.85477
Chhatarpur,,India,24.9177,79.58871
Mandsaur,,India,24.07184,75.06986
Chas,,India,23.63556,86.16712
Pālanpur,,India,24.17128,72.43827
Lakhīmpur,,India,27.94822,80.77935
Valsād,,India,20.61013,72.93428
Damoh,,India,23.83312,79.4419
Haldwani,,India,29.22254,79.5286
Hābra,,India,22.84202,88.65606
Kolār,,India,13.13768,78.12999
Srikakulam,,India,18.2989,83.89751
Mandya,,India,12.5223,76.89746
Madhurampur Dehri,,India,24.96899,84.1964
Kānchrāpāra,,India,22.95998,88.42849
Dimāpur,,India,25.91174,93.7217
Māler Kotla,,India,30.5309,75.87949
Siwān,,India,26.22096,84.35609
Kalol,,India,23.24656,72.49508
Bānkura,,India,23.23241,87.0716
Pātan,,India,23.8507,72.12963
Gondā City,,India,27.13181,81.95332
Dhaulpur,,India,26.69286,77.87968
Gondiā,,India,21.46026,80.19205
Palakkad,,India,10.77319,76.65366
Bettiah,,India,26.80229,84.50311
Palwal,,India,28.14469,77.32546
Rānīganj,,India,23.6164,87.13061
Etah,,India,27.55879,78.65692
Pīlibhīt,,India,28.63124,79.80436
Rajapalayam,,India,9.45296,77.55335
Botad,,India,22.16917,71.66671
Deoria,,India,26.50167,83.77936
Nimach,,India,24.45949,74.86625
Khardah,,India,22.71861,88.37806
Yavatmāl,,India,20.39324,78.13201
Hālīsahar,,India,22.93218,88.41859
Khanna,,India,30.70547,76.22196
Titāgarh,,India,22.74252,88.37326
Mustafābād,,India,28.71974,77.26781
Hāthras,,India,27.59551,78.05201
Jorhat,,India,26.75751,94.20306
Lalitpur,,India,24.69007,78.41915
Guntakal,,India,15.17112,77.36244
Pithampur,,India,22.60197,75.69649
Mothīhāri,,India,26.64862,84.91656
Kanhangad,,India,12.30814,75.10632
Jagdalpur,,India,19.08136,82.02131
Jagādhri,,India,30.16719,77.30367
Dārjiling,,India,27.03333,88.26667
Kurichchi,,India,10.96085,76.97379
Dam Dam,,India,22.63341,88.42286
Hardoī,,India,27.39491,80.13165
Puruliya,,India,23.33062,86.36303
Dharmavaram,,India,14.41435,77.72035
Gokalpur,,India,28.7029,77.28961
Bhadreswar,,India,22.82449,88.33841
Nagaon,,India,26.35,92.66667
Vejalpur,,India,22.69021,73.56299
Chikmagalūr,,India,13.32231,75.774
Bhadrak,,India,21.05447,86.5156
Sawai Madhopur,,India,26.02301,76.34408
Ambikāpur,,India,23.11892,83.19537
Mandoli,,India,28.70275,77.30995
Satara,,India,17.68589,73.99333
Chūru,,India,28.30415,74.96718
Gangāpur,,India,26.47249,76.71744
Madhavaram,,India,13.14819,80.2314
Dohad,,India,22.83283,74.25986
Barshi,,India,18.23454,75.69275
Ādilābād,,India,19.67203,78.5359
Jhunjhunūn,,India,28.12559,75.39797
Jetpur,,India,21.75482,70.62347
Uppal Kalan,,India,17.40577,78.55911
Gudivāda,,India,16.43547,80.99555
Bārān,,India,25.1,76.51667
Narmadapuram,,India,22.74747,77.72736
Amreli,,India,21.59983,71.21169
Pudukkottai,,India,10.38128,78.82141
Narasaraopet,,India,16.23488,80.04927
Rishra,,India,22.72394,88.34563
Baripāda,,India,21.93458,86.72852
Muktsar,,India,30.47426,74.5166
Azamgarh,,India,26.06832,83.18358
Barnāla,,India,30.37451,75.5487
Yelahanka,,India,13.10073,77.59632
Chittorgarh,,India,24.88963,74.62403
Tinsukia,,India,27.48905,95.35992
Khargone,,India,21.82292,75.61394
Baidyabāti,,India,22.78498,88.32586
Bastī,,India,26.78817,82.71617
Gangavati,,India,15.4313,76.52933
Ambur,,India,12.79163,78.71644
Giridih,,India,24.18622,86.30875
Wardha,,India,20.73933,78.59784
Tadepalligudem,,India,16.81467,81.52717
Chanduasi,,India,28.45178,78.78277
Bagaha,,India,27.09918,84.09003
Achalpur,,India,21.25665,77.51006
Gondal,,India,21.96074,70.80255
Dharashiv,,India,18.18158,76.03889
Port Blair,,India,11.66613,92.74635
Bagalkot,,India,16.18673,75.69614
Suriāpet,,India,17.14054,79.62045
Bangaon,,India,23.04553,88.83084
Ashoknagar Kalyangarh,,India,22.86416,88.63701
Deesa,,India,24.25612,72.17928
Navadwīp,,India,23.4067,88.36861
Nandurbar,,India,21.36671,74.24051
Sultānpur,,India,26.25788,82.07269
Delhi Cantonment,,India,28.6,77.13333
Firozpur,,India,30.92574,74.61311
Sehore,,India,23.2,77.08333
Bānsbāria,,India,22.95387,88.40098
Tadpatri,,India,14.90832,78.01031
Jalpāiguri,,India,26.51667,88.73333
Mangalagiri,,India,16.43083,80.56815
Ranebennur,,India,14.62239,75.62951
Khurja,,India,28.25382,77.85535
Kishanganj,,India,26.10224,87.95534
Ponnāni,,India,10.76695,75.92523
Hindaun,,India,26.73411,77.03519
Jamālpur,,India,25.31258,86.48888
Nāgaur,,India,27.20201,73.73394
Ambala Sadar,,India,30.33544,76.86265
Bhiwadi,,India,28.21024,76.86056
Būndi,,India,25.43855,75.63735
Miryalaguda,,India,16.8722,79.56247
Soyībug,,India,34.07677,74.7057
Jagtiāl,,India,18.79473,78.91661
Roorkee,,India,29.86632,77.89118
Udgīr,,India,18.39258,77.11756
Nagda,,India,23.45834,75.41759
Betūl,,India,21.90056,77.90229
Jahānābād,,India,25.21368,84.9871
Kashipur,,India,29.21399,78.95693
Ghazīpur,,India,25.58333,83.58526
Amaravati,,India,16.514,80.516
Nagapattinam,,India,10.76377,79.84313
Buxar,,India,25.57548,83.98043
Mormugao,,India,15.38914,73.81491
Seoni,,India,22.08503,79.55037
Aurangābād,,India,24.75204,84.3742
Hinganghāt,,India,20.54875,78.83978
Dhamtari,,India,20.70718,81.54874
Chilakalūrupet,,India,16.08987,80.16705
Malappuram,,India,11.04199,76.08154
Bānswāra,,India,23.54109,74.4425
Chirmiri,,India,23.19073,82.35314
Itārsi,,India,22.61477,77.76222
Vasco da Gama,,India,15.39585,73.81568
Gangtok,,India,27.32574,88.61216
Datia,,India,25.67312,78.45908
Phagwāra,,India,31.22452,75.77387
Airoli,,India,19.15096,72.99625
Luckeesarai,,India,25.1765,86.0947
Shikohābād,,India,27.108,78.58661
Kāsganj,,India,27.80882,78.64579
Khambhāt,,India,22.31744,72.61916
Kohima,,India,25.67467,94.11099
Pandharpur,,India,17.67924,75.33098
Kapurthala Town,,India,31.38011,75.38105
Mahuva,,India,21.09007,71.76904
Silvassa,,India,20.27386,72.99673
Balāngīr,,India,20.70419,83.49029
Mughal Sarāi,,India,25.28307,83.11968
Nawāda,,India,24.8867,85.54364
Bhilai Charoda,,India,21.22305,81.45609
Shāmli,,India,29.4497,77.30959
Jharsuguda,,India,21.85531,84.00698
Sādatpur Gujran,,India,28.72834,77.24817
Chalisgaon,,India,20.45781,75.01596
Villupuram,,India,11.93975,79.49244
Amalner,,India,21.03983,75.05887
Tellicherry,,India,11.74811,75.4929
Manjeri,,India,11.12018,76.11996
Birgaon,,India,21.30758,81.62793
Bārmer,,India,25.74572,71.39211
Pūth Kalān,,India,28.7116,77.07887
Kuniyamuttūr,,India,10.96376,76.95254
Sardārshahr,,India,28.44062,74.491
Sāhibganj,,India,25.24425,87.63481
Sānand,,India,22.99227,72.38177
Paramagudi,,India,9.54633,78.5907
Zerakpur,,India,30.65622,76.82093
Tiruchengode,,India,11.38016,77.89444
Closepet,,India,12.72181,77.28149
Emmiganūr,,India,15.77203,77.48345
Vaniyambadi,,India,12.68162,78.62014
Kovilpatti,,India,9.17167,77.86989
Parli Vaijnāth,,India,18.85057,76.53163
Mainpuri,,India,27.22857,79.02882
Khāmgaon,,India,20.70738,76.56827
Makrāna,,India,27.04361,74.72445
Allinagaram,,India,10.02737,77.47815
Gudiyatham,,India,12.94601,78.87377
Dhār,,India,22.59373,75.29774
Baraut,,India,29.10199,77.26334
Kalyani,,India,22.9757,88.4337
Doddaballapura,,India,13.29452,77.53777
Chīrāla,,India,15.82385,80.35219
Akot,,India,21.0963,77.0588
Fatehpur,,India,27.99486,74.95628
Gharroli,,India,28.6167,77.33207
Rajpura,,India,30.47856,76.59284
Ballarpur,,India,19.84696,79.34578
Kot Kapūra,,India,30.58061,74.82609
Bhandāra,,India,21.16817,79.64885
Molārband,,India,28.50295,77.31442
Bagaha,,India,24.52898,85.06019
Rayachoti,,India,14.05723,78.75056
Kadayanallur,,India,9.07277,77.34152
Valparai,,India,10.32691,76.95116
Pollachi,,India,10.65825,77.0085
Kāvali,,India,14.9163,79.99449
Roha,,India,18.43687,73.11964
Mancherial,,India,18.87074,79.42863
Avaniyāpuram,,India,9.88179,78.11255
Murādnagar,,India,28.78069,77.49865
Ankleshwar,,India,21.63236,72.99001
Kadiri,,India,14.11168,78.15982
Shahdol,,India,23.29356,81.3619
Shrirampur,,India,19.62201,74.65699
Mahobā,,India,25.2905,79.87533
Rāmgarh,,India,23.6303,85.52156
Contai,,India,21.77985,87.74892
Sangrūr,,India,30.24506,75.84488
Nirmal,,India,19.09685,78.34407
Deoband,,India,29.69505,77.67964
Neyyāttinkara,,India,8.39854,77.08586
Tāndā,,India,26.54953,82.65841
Kolar,,India,23.16478,77.41893
Jhumri Telaiya,,India,24.4349,85.52951
Aruppukkottai,,India,9.5096,78.09588
Farīdkot,,India,30.67399,74.75579
Madgaon,,India,15.27501,73.95786
Velampālaiyam,,India,11.13764,77.31064
Jamūī,,India,24.92606,86.22531
Anjār,,India,23.11316,70.02671
Paralakhemundi,,India,18.77619,84.09504
Jharia,,India,23.74079,86.41456
Kāraikāl,,India,10.91667,79.83333
Kāmthi,,India,21.21615,79.1973
Hānsi,,India,29.10239,75.96253
Mayiladuthurai,,India,11.10354,79.655
Anakapalle,,India,17.69134,83.00395
Maduravoyal,,India,13.0675,80.1632
Sārni,,India,22.10317,78.17159
Dausa,,India,26.89,76.33584
Parādīp Garh,,India,20.31641,86.6085
Hingoli,,India,19.71464,77.14238
Bāruni,,India,25.47509,85.96813
Jeypore,,India,18.8563,82.5716
Bijnor,,India,29.373,78.13636
Dhoraji,,India,21.73359,70.45004
Vīrappanchathiram,,India,11.35314,77.71253
Bālāghāt,,India,21.8156,80.18845
Udhampur,,India,32.92431,75.13573
Najībābād,,India,29.61194,78.34274
Idaiyarpālaiyam,,India,11.03937,76.92369
Harihar,,India,14.51288,75.80716
Chilla Soroda Bāngar,,India,28.59572,77.30189
Sirsilla,,India,18.38865,78.81048
Karauli,,India,26.49831,77.02755
Mānsa,,India,29.98844,75.40167
Jangipur,,India,24.47001,88.07659
Gobindgarh,,India,30.67089,76.30192
Saunda,,India,23.66453,85.32694
Maraimalainagar,,India,12.79782,80.02502
Ashoknagar,,India,24.57578,77.73123
Phulwari Sharif,,India,25.57765,85.07246
Mhow,,India,22.5589,75.76543
Malout,,India,30.21121,74.4818
Kadi,,India,23.29908,72.33362
Vijalpor,,India,20.92212,72.90945
Palakollu,,India,16.5167,81.73
Himatnagar,,India,23.59893,72.96602
Dholka,,India,22.72732,72.44128
Kotkapura,,India,30.5819,74.83298
Bargarh,,India,21.33348,83.61905
Kharghar,,India,19.04979,73.07024
Kairāna,,India,29.39541,77.2054
Brajarajnagar,,India,21.81667,83.91667
Kāmāreddi,,India,18.32001,78.34177
Palwancha,,India,17.58152,80.67651
Manmād,,India,20.25334,74.43755
Srikalahasti,,India,13.75514,79.70143
Kottagūdem,,India,17.55106,80.61779
Nawābganj,,India,26.93129,81.19841
Gokak,,India,16.16901,74.82393
Tīkamgarh,,India,24.74327,78.83061
Arakkonam,,India,13.08449,79.67053
Arāria,,India,26.14934,87.51323
Koch Bihār,,India,26.32539,89.44508
Kharakvasla,,India,18.43997,73.77545
Bhadohi,,India,25.39526,82.5703
Kātoya,,India,23.64558,88.13258
Medininagar,,India,24.03971,84.0658
Wāshīm,,India,20.11128,77.133
Bagbera,,India,22.75948,86.19049
Savarkundla,,India,21.33726,71.3035
Basoda,,India,23.85153,77.93652
Tanuku,,India,16.75438,81.68143
Gurdaspur,,India,32.03933,75.40318
Edattala,,India,10.05639,76.38451
Bodhan,,India,18.66208,77.88581
Balrāmpur,,India,27.42949,82.18545
Bāramūla,,India,34.209,74.34285
Karwar,,India,14.81361,74.12972
Dhuliān,,India,24.68127,87.9535
Rabkavi-Banhatti,,India,16.47,75.12
Mawāna,,India,29.10288,77.92199
Shirpur,,India,21.34821,74.88035
Budge Budge,,India,22.48275,88.18176
Kundla,,India,21.34222,71.30633
Visnagar,,India,23.69855,72.5521
Kannauj,,India,27.05524,79.9188
Khajoori Khas,,India,28.70958,77.2587
Neelankarai,,India,12.9495,80.2592
Nagīna,,India,29.44433,78.43646
Badagara,,India,11.59776,75.58142
Fazilka,,India,30.40207,74.02836
Electronic City Phase I,,India,12.85492,77.6633
Ratnagiri,,India,16.99154,73.31022
Keshod,,India,21.30328,70.24861
Konnagar,,India,22.70508,88.34446
Chintamani,,India,13.40051,78.05172
Pammal,,India,12.975,80.13472
Sindhnūr,,India,15.76983,76.75581
Madhubani,,India,26.35367,86.07169
Bodināyakkanūr,,India,10.01171,77.34976
Khadki,,India,18.5635,73.85205
Dhrāngadhra,,India,22.99167,71.46793
Tezpur,,India,26.63333,92.8
Srivilliputhur,,India,9.51272,77.63369
Benipur,,India,26.05509,86.14557
Pāloncha,,India,17.60184,80.70509
Jaora,,India,23.63783,75.12711
Tura,,India,25.51421,90.20239
Gūdūr,,India,14.15093,79.8521
Narnaul,,India,28.04444,76.10833
Balotra,,India,25.83242,72.24
Kharar,,India,30.74632,76.64689
Yadgir,,India,16.77007,77.13755
Harda,,India,22.34414,77.09536
Pilkhua,,India,28.71271,77.656
Ambājogāi,,India,18.73312,76.38616
Kāpas Herd,,India,28.52614,77.08396
Bela,,India,25.92058,81.99629
Rabkavi,,India,16.47567,75.1106
Bawāna,,India,28.7982,77.03431
Shāhābād,,India,27.6431,79.9402
Virudhachalam,,India,11.51497,79.32824
Chāndpur,,India,29.13489,78.27187
Kāsipālaiyam,,India,11.31984,77.70971
Sikandarābād,,India,28.45226,77.70004
Virudunagar,,India,9.58509,77.95787
Pattukkottai,,India,10.42358,79.31949
Pusad,,India,19.91274,77.57838
Tindivanam,,India,12.234,79.65551
Chopda,,India,21.24578,75.29946
Taliparamba,,India,12.04161,75.35927
Sangāreddi,,India,17.62477,78.08669
Pālghar,,India,19.69693,72.76543
Dharapuram,,India,10.73828,77.53223
Payyanur,,India,12.0935,75.20249
Sheopur,,India,25.66472,76.69616
Channapatna,,India,12.65143,77.20672
Koyilandy,,India,11.4381,75.69306
Farīdpur,,India,28.20997,79.54149
Barauni,,India,25.4709,85.976
Krishnagiri,,India,12.51921,78.21382
Sopur,,India,34.28671,74.47228
Rāyagada,,India,19.17132,83.41428
Zahirābād,,India,17.68138,77.60743
Khopoli,,India,18.78562,73.34589
Ratangarh,,India,28.08137,74.61854
Mārkāpur,,India,15.73534,79.26848
Kalamassery,,India,10.0614,76.32631
Bolpur,,India,23.66278,87.69695
Panjim,,India,15.49574,73.82624
Rānāghāt,,India,23.17623,88.56667
Bāpatla,,India,15.90422,80.46743
Fatehābād,,India,29.51525,75.45554
Beypore,,India,11.17151,75.80611
Koppal,,India,15.34522,76.15478
Badvel,,India,14.7451,79.06288
Dādri,,India,28.55257,77.55403
Thenkasi,,India,8.96003,77.31525
Suratgarh,,India,29.3215,73.89979
Auraiya,,India,26.46517,79.50918
Palani,,India,10.45034,77.5209
Nallūr,,India,11.1003,77.39136
Chamrajnagar,,India,11.92312,76.93949
Mīthepur,,India,28.4974,77.31856
Māngrol,,India,21.12268,70.11484
Basavakalyan,,India,17.87445,76.94972
Pul Pehlad,,India,28.49938,77.29104
Chāībāsa,,India,22.55038,85.80249
Tripunittura,,India,9.94283,76.33331
Shājāpur,,India,23.42637,76.27775
Mettupalayam,,India,11.29971,76.93485
Sunām,,India,30.12883,75.79943
Bhawānipatna,,India,19.90717,83.16697
Ziauddin Pur,,India,28.70873,77.27654
Jamkhandi,,India,16.50461,75.29146
Basmat,,India,19.32872,77.15746
Taj Pul,,India,28.49482,77.30587
Kayamkulam,,India,9.18173,76.50093
Dharmapuri,,India,12.1277,78.15794
Bīsalpur,,India,28.29253,79.80472
Attili,,India,16.7,81.6
Cumbum,,India,9.73647,77.2847
Munnar,,India,10.08818,77.06239
Panipat Taraf Makhdum Zadgan,,India,29.41607,76.98831
Nābha,,India,30.37577,76.15292
Bihāt,,India,25.42534,86.02083
Samāstipur,,India,25.86222,85.77953
Kāranja,,India,20.48273,77.48857
Sītāmarhi,,India,26.59357,85.4906
Rājsamand,,India,25.07145,73.8798
Malkāpur,,India,20.88555,76.19932
Modāsa,,India,23.46253,73.29857
Jaisalmer,,India,26.91763,70.90387
Buldāna,,India,20.52933,76.18457
Dhenkānāl,,India,20.65744,85.59693
Urun-Islāmpur,,India,17.05,74.26667
Gopālganj,,India,26.46734,84.44041
Bongaigaon,,India,26.47703,90.55815
Sangamner,,India,19.56784,74.21154
Hāveri,,India,14.79354,75.40448
Mannargudi,,India,10.66626,79.45064
Jhālāwār,,India,24.59633,76.16499
Tarn Taran,,India,31.45191,74.92777
Siddipet,,India,18.10483,78.84858
Bellampalli,,India,19.05577,79.493
Barbil,,India,22.10194,85.37752
Koratla,,India,18.82154,78.71186
Rishīkesh,,India,30.10778,78.29255
Goyerkāta,,India,26.69984,89.02565
Mandamarri,,India,18.96506,79.47475
Puliyankudi,,India,9.17489,77.39799
Palāsa,,India,18.77257,84.41012
Gohāna,,India,29.13777,76.70247
Pulivendla,,India,14.42139,78.22502
Chengalpattu,,India,12.69184,79.97661
Wadgaon Kolhati,,India,19.84307,75.236
Lādnūn,,India,27.65312,74.39993
Supaul,,India,26.11527,86.59509
Gangārāmpur,,India,25.40138,88.52978
Ramanathapuram,,India,9.37158,78.83077
Jagraon,,India,30.78783,75.47391
Sinnar,,India,19.84505,73.99866
Kopargaon,,India,19.88239,74.47605
Alīpur Duār,,India,26.4835,89.52286
Tandur,,India,17.24849,77.57698
Khatauli,,India,29.27844,77.73302
Vīrarāghavapuram,,India,13.07306,80.10778
Siuri,,India,23.90806,87.52773
Bīna,,India,24.17161,78.18755
Pālitāna,,India,21.52519,71.82309
Chaumu,,India,27.16955,75.72226
Hālol,,India,22.50321,73.47242
Kodār,,India,16.9985,79.9656
Bāngarda Chhota,,India,22.74354,75.81448
Tādepalle,,India,16.48333,80.6
Tirupattur,,India,12.49239,78.56804
Chinnachowk,,India,14.47516,78.8354
Bishnupur,,India,23.0738,87.31991
Āmūr,,India,18.79284,78.27666
Baheri,,India,28.77416,79.4974
Nawalgarh,,India,27.85161,75.27384
Ānaiyūr,,India,9.96152,78.1118
Kunnamkulam,,India,10.64667,76.06695
Rāghogarh,,India,24.44318,77.19768
Tohāna,,India,29.71332,75.90441
Jatani,,India,20.15975,85.70742
Arni,,India,12.66771,79.28529
Chik Ballāpur,,India,13.43512,77.72787
Dhubri,,India,26.01856,89.98564
Borsad,,India,22.40788,72.89817
Gadwāl,,India,16.23504,77.79556
Pidugurālla,,India,16.47926,79.88632
Sheikhpura,,India,25.13994,85.84096
Sirsi,,India,14.62072,74.83554
Nipāni,,India,16.399,74.38285
Kannur,,India,11.86752,75.35763
Bāri,,India,26.64661,77.61634
Nokha,,India,27.56155,73.47141
Vinukonda,,India,16.0531,79.73964
Renukūt,,India,24.21641,83.0358
Nagari,,India,13.32139,79.58557
Chidambaram,,India,11.39933,79.69144
Dabwāli,,India,29.94906,74.73832
Sibsāgar,,India,26.98427,94.63784
Narwāna,,India,29.59903,76.11927
Okha,,India,22.46756,69.07002
Kuchāman,,India,27.14745,74.85655
Nīmbāhera,,India,24.62166,74.67999
Siddhapur,,India,23.91783,72.37212
Diphu,,India,25.84341,93.43116
Attur,,India,11.59414,78.60143
Rāyadrug,,India,14.69971,76.85241
Rāth,,India,25.59474,79.5666
Cheruvannur,,India,11.19033,75.82833
Vriddhāchalam,,India,11.5183,79.32411
Bārh,,India,25.48339,85.70928
Shāhāda,,India,21.54538,74.47106
Dabra,,India,25.88572,78.33221
Udumalaippettai,,India,10.58806,77.24779
Tiptūr,,India,13.2563,76.47768
Sahaswān,,India,28.07227,78.75082
Wanparti,,India,16.36738,78.06889
Sirhind,,India,30.64321,76.38421
Bārdoli,,India,21.12297,73.11151
Mokameh,,India,25.39662,85.9219
Arāmbāgh,,India,22.88333,87.78333
Poonamalle,,India,13.04888,80.11488
Keonjhargarh,,India,21.6318,85.59686
Bhadravati,,India,20.1001,79.11442
Panruti,,India,11.77662,79.55269
Ilkal,,India,15.95923,76.11351
Kīratpur,,India,29.50671,78.20613
Vrindāvan,,India,27.58105,77.69662
Kodungallūr,,India,10.23263,76.19513
Nedumangād,,India,8.60267,77.00139
Bangaon,,India,25.86728,86.51152
Narsimhapur,,India,22.94936,79.18357
Ponnur,,India,16.07114,80.54944
Kathua,,India,32.36941,75.52539
North Lakhimpur,,India,27.23517,94.10357
Masaurhi Buzurg,,India,25.35417,85.03195
Nerkunram,,India,13.06194,80.20944
Shegaon,,India,20.7932,76.69921
Mandideep,,India,23.08166,77.53328
Pāchora,,India,20.66727,75.35305
Gobichettipalayam,,India,11.45496,77.4422
Gangoh,,India,29.78004,77.26346
Itanagar,,India,27.08694,93.60987
Jaitpur,,India,28.50647,77.32976
Narasapur,,India,16.43425,81.69845
Dhone,,India,15.3952,77.8715
Rājgarh,,India,28.64201,75.38612
Ullal,,India,12.80569,74.86058
Panna,,India,24.72094,80.18772
Gola Gokarannāth,,India,28.07837,80.47054
Gohad,,India,26.43278,78.44205
Wani,,India,20.05507,78.95313
Thiruvarur,,India,10.77269,79.6368
Upleta,,India,21.74015,70.28256
Nūzvīd,,India,16.78854,80.84593
Lonavla,,India,18.75275,73.40575
Una,,India,20.82318,71.03795
Sillod,,India,20.30303,75.65284
Sīra,,India,13.74155,76.9043
Chikhli,,India,20.35046,76.25774
Jhārgrām,,India,22.45384,86.99497
Kagaznāgār,,India,19.33159,79.46605
Bhātāpāra,,India,21.735,81.94711
Kāsībugga,,India,18.75927,84.41613
Hasanpur,,India,28.72249,78.28436
Lohārdagā,,India,23.43305,84.67992
Jahāngīrābād,,India,28.40549,78.10588
Sherkot,,India,29.32704,78.57429
Kātrās,,India,23.79752,86.29834
Mācherla,,India,16.47635,79.43533
Naksalbāri,,India,26.6827,88.22001
Sankarankovil,,India,9.17048,77.54107
Mulbāgal,,India,13.16352,78.39346
Kandukūr,,India,15.21542,79.9039
Tiruvalla,,India,9.3816,76.57489
Roshanpura,,India,28.60057,76.98918
Ponnūru,,India,16.06547,80.55203
Kollegāl,,India,12.15449,77.11051
Mukandpur,,India,28.73944,77.18315
Unjha,,India,23.80366,72.39101
Chhibrāmau,,India,27.14872,79.50078
Tilhar,,India,27.96282,79.73827
Lunglei,,India,22.89247,92.74218
Hoskote,,India,13.0707,77.79814
Byasanagar,,India,20.95569,86.12643
Bada Barabīl,,India,22.11186,85.38684
Sāmalkot,,India,17.05675,82.17639
Karīmganj,,India,24.86919,92.35543
Bobbili,,India,18.57366,83.35925
Mettur,,India,11.78796,77.8008
Sattenapalle,,India,16.39381,80.15221
Tirūrangādi,,India,11.04316,75.92337
Tennala,,India,10.99342,75.93504
Chakradharpur,,India,22.67611,85.62892
Sendhwa,,India,21.68562,75.09622
Talegaon Dābhāde,,India,18.73502,73.67561
Hiriyūr,,India,13.94455,76.61723
Anjangaon,,India,21.16516,77.3091
Charkhi Dādri,,India,28.59166,76.27161
Ujhāni,,India,28.00311,79.00821
Bankra,,India,22.60291,88.27751
Dabhoi,,India,22.18333,73.43333
Teghra,,India,25.49043,85.94001
Obra,,India,24.41863,82.98797
Tiruvallur,,India,13.14376,79.90889
Mandapeta,,India,16.86254,81.92921
Tirur,,India,10.91368,75.92118
Ropar,,India,30.96896,76.52695
Nāmakkal,,India,11.22126,78.16524
Arcot,,India,12.90569,79.31897
Lāharpur,,India,27.70827,80.90256
Viramgām,,India,23.12564,72.05014
Islāmpur,,India,26.26541,88.18982
Karād,,India,17.28937,74.18183
Yanam,,India,16.73308,82.21364
Ābu Road,,India,24.48012,72.78186
Raxaul,,India,26.97982,84.85065
Moonniyur,,India,11.05972,75.90311
Barwāni,,India,22.03232,74.89982
Kottayam,,India,9.58692,76.52132
Tiruttangal,,India,9.48333,77.83333
Petlād,,India,22.47681,72.79995
Jālaun,,India,26.1451,79.3366
Periya Semūr,,India,11.36088,77.68952
Madhupur,,India,24.27419,86.63929
Dhūri,,India,30.36846,75.86791
Challakere,,India,14.318,76.65165
Etāwa,,India,24.18351,78.20289
Chiplūn,,India,17.53339,73.50935
Mandlā,,India,22.59879,80.37115
Bhīmunipatnam,,India,17.89017,83.45203
Mawlai-Mawïong,,India,25.62322,91.88175
Kavanur,,India,12.99623,80.07514
Pithāpuram,,India,17.1168,82.25284
Kāndi,,India,23.95946,88.04018
Idappadi,,India,11.58624,77.83891
Sāhibābād Daulotpur,,India,28.74705,77.11465
Punganūru,,India,13.36672,78.57186
Ghātāl,,India,22.66244,87.73399
Jāfarābād,,India,28.67873,77.27116
Sāgar,,India,14.16498,75.02901
Sihor,,India,21.71134,71.96179
Mūndka,,India,28.68012,77.02975
Deglur,,India,18.54829,77.57695
Madhepura,,India,25.92127,86.79271
Bārāmati,,India,18.15174,74.57767
Mahāsamund,,India,21.10743,82.0948
Sidhi,,India,24.4038,81.87954
Kāsaragod,,India,12.49838,74.98959
Garhchiroli,,India,20.18061,80.00522
Puttūr,,India,13.44189,79.55314
Jalor,,India,25.34558,72.61559
Samāna,,India,30.15395,76.19851
Rāzampeta,,India,14.19544,79.15896
Wāri,,India,21.15313,79.0076
Shella,,India,25.17861,91.63952
Palmaner,,India,13.2,78.74725
Deolāli,,India,19.94404,73.83441
Kanakapura,,India,12.54654,77.42005
Wokha,,India,26.09717,94.25817
Umred,,India,20.85396,79.32466
Kālna,,India,23.21944,88.36295
Pallichal,,India,8.44976,77.02573
Tāndoni,,India,10.92611,78.0941
Pārvatipuram,,India,18.78392,83.42569
Kotharia,,India,22.23436,70.81903
Ottapalam,,India,10.7735,76.37758
Dīdwāna,,India,27.40096,74.57537
Begampur,,India,28.72655,77.06689
Gaddi Annaram,,India,17.36687,78.5242
Dumraon,,India,25.55265,84.15149
Nerupperichchal,,India,11.16105,77.37398
Jaggaiahpet,,India,16.89155,80.09551
Rampur Hat,,India,24.17737,87.78275
Khanapuram Haveli,,India,17.26239,80.16809
Goālpāra,,India,26.17668,90.62634
Tuni,,India,17.35905,82.54607
Laxmangarh,,India,27.82294,75.02754
Shāhpur,,India,16.69605,76.8422
Bhongīr,,India,17.51544,78.88563
Puttūr,,India,12.75975,75.20169
Ullagaram,,India,12.979,80.19703
Sri Dūngargarh,,India,28.09617,74.00868
Ayodhya,,India,26.79909,82.2047
Mubarakpur,,India,26.08866,83.29088
Amalāpuram,,India,16.57868,82.00609
Arsikere,,India,13.31446,76.25704
Phaltan,,India,17.99113,74.43177
Ashta,,India,23.01754,76.72208
Sandīla,,India,27.06989,80.51497
Vikārābād,,India,17.3381,77.90441
Baruipur,,India,22.36544,88.4325
Choudwar,,India,20.53917,85.91512
Shāhābād,,India,17.1307,76.94361
Sultānganj,,India,25.23831,86.73559
Mandi Dabwāli,,India,29.96633,74.70025
Konch,,India,25.99451,79.15127
Bāprola,,India,28.64133,77.01415
Venkatagiri,,India,13.96005,79.58032
Dabhel,,India,20.40953,72.88339
Biswān,,India,27.49581,80.99618
Kosi,,India,27.79449,77.4368
Siruguppa,,India,15.63,76.89217
Sironj,,India,24.10313,77.69055
Jangaon,,India,17.72602,79.15236
Daudnagar,,India,25.03473,84.40095
Dandeli,,India,15.26667,74.61667
Ramapuram,,India,13.03179,80.18243
Mudhol,,India,16.33354,75.28305
Thodupuzha,,India,9.89394,76.72216
Devakottai,,India,9.94704,78.8233
Arwal,,India,25.24281,84.66571
Kāliyāganj,,India,25.63442,88.32665
Nasīrābād,,India,26.30473,74.73364
Khagaul,,India,25.57898,85.04564
Changanācheri,,India,9.44203,76.53604
Shorāpur,,India,16.521,76.75738
Māndvi,,India,22.83282,69.35237
Rajgangpur,,India,22.2,84.583
Ozar,,India,20.09473,73.92816
Peranāmpattu,,India,12.9343,78.7189
Gumlā,,India,23.04268,84.54429
Rāmnagar,,India,29.3925,79.1283
Vazhakkala,,India,10.01239,76.32633
Shujālpur,,India,23.40673,76.7098
Tirumangalam,,India,9.82307,77.98381
Sidlaghatta,,India,13.38896,77.86444
Khurai,,India,24.04372,78.33014
Hilsa,,India,25.31642,85.28234
Rampura Phul,,India,30.27563,75.24253
Fatwa,,India,25.50958,85.30504
Tūndla,,India,27.2146,78.23683
Mannārakkāt,,India,10.99223,76.46418
Metpalle,,India,18.84724,78.62563
Naya Gaon,,India,30.77515,76.79308
Repalle,,India,16.0184,80.82958
Hunsūr,,India,12.30359,76.29275
Nanjangūd,,India,12.11764,76.68397
Forbesganj,,India,26.30253,87.26556
Nithari,,India,28.70489,77.05285
Sunabeda,,India,18.7284,82.82932
Gajraula,,India,28.8457,78.2396
Vīrapāndi,,India,11.06247,77.35076
Dāhānu,,India,19.96778,72.71263
Rasipuram,,India,11.46009,78.18635
Sālūr,,India,18.51716,83.20548
Bhabhua,,India,25.04049,83.60749
Hodal,,India,27.89196,77.36744
Bhadrāchalam,,India,17.66846,80.88887
Aonla,,India,28.27402,79.16521
Tirupparangunram,,India,9.88151,78.07306
Chatrā,,India,24.20645,84.87085
Khagaria,,India,25.5022,86.46708
Dhāmpur,,India,29.30883,78.51083
Phalodi,,India,27.13102,72.36826
Gangākher,,India,18.96962,76.74946
Sardhana,,India,29.14551,77.61433
Nohar,,India,29.18292,74.77064
Yeola,,India,20.0424,74.48944
Bhaisa,,India,19.11285,77.96336
Perintalmanna,,India,10.97724,76.22541
Jugsālai,,India,22.77668,86.18351
Perambalur,,India,11.23333,78.88333
Badūria,,India,22.74431,88.78655
Gudalur,,India,11.52073,76.48141
Kizhake Chālakudi,,India,10.30067,76.33763
Narkatiāganj,,India,27.10383,84.46185
Peddāpuram,,India,17.07701,82.13836
Majalgaon,,India,19.15513,76.20992
Daund,,India,18.46515,74.58375
Kapadvanj,,India,23.02302,73.07113
Kotputli,,India,27.70207,76.19911
Dyāne,,India,20.56743,74.52845
Bail-Hongal,,India,15.8137,74.85895
Biaora,,India,23.9205,76.91074
Naugachhia,,India,25.38807,87.09906
Kānūru,,India,16.49853,80.69141
Dehu Road,,India,18.68211,73.73161
Pipariā,,India,22.75703,78.35499
Barpeta,,India,26.32293,91.00632
Gooty,,India,15.11836,77.63776
Tamlūk,,India,22.30083,87.92593
Vengara,,India,11.05083,75.97806
Jaisingpur,,India,16.77639,74.55361
Nangal,,India,31.38966,76.37574
Jasdan,,India,22.03709,71.20794
Godda,,India,24.827,87.2125
Bikramganj,,India,25.21073,84.25508
Morār,,India,26.2264,78.22482
Jhajjar,,India,28.6063,76.6565
Rāmnagar,,India,27.16371,84.32342
Nihtaur,,India,29.32416,78.38724
Mahnar Bazar,,India,25.60962,85.48076
Vite,,India,17.27343,74.53792
Gumia,,India,23.7975,85.82523
Anakaputhur,,India,12.9828,80.1264
Tānālūr,,India,10.95154,75.90961
Bhīnmāl,,India,24.99944,72.27141
Sadasivpet,,India,17.61925,77.95263
Bakhtiarpur,,India,25.45598,85.5329
Jalandhar Cantonment,,India,31.29421,75.61974
Athani,,India,16.72613,75.06421
Warud,,India,21.47101,78.26965
Wānkāner,,India,22.61198,70.94379
Churāchāndpur,,India,24.33353,93.66999
Dūngarpur,,India,23.84306,73.71466
Chhaya,,India,21.62878,69.63386
Dumka,,India,24.26778,87.24855
Gādarwāra,,India,22.9235,78.7849
Pithorāgarh,,India,29.58349,80.20947
Ballia,,India,25.42139,86.31445
Bihtā,,India,25.55885,84.87141
Atraulī,,India,28.02964,78.28571
Walajapet,,India,12.9251,79.36626
Koraput,,India,18.81199,82.71048
Umarkhed,,India,19.60144,77.68878
Gudalur,,India,9.67826,77.24951
Kunnamangalam,,India,11.30459,75.87772
Valasaravakkam,,India,13.04394,80.17251
Alangad,,India,10.10192,76.29104
Alengād,,India,10.11901,76.30226
Jodhpur,,India,21.90174,70.0327
Punalūr,,India,9.01956,76.92261
Vikramasingapuram,,India,8.71477,77.39032
Vattiyūrkāvu,,India,8.52469,76.98886
Padrauna,,India,26.90403,83.98087
Ambāh,,India,26.70423,78.22678
Komalapuram,,India,9.54189,76.34236
Mattanur,,India,11.93018,75.57152
Harpanahalli,,India,14.78766,75.98863
Kendrāparha,,India,20.50166,86.42227
Tighri,,India,28.51225,77.24083
Pallikal,,India,11.13723,75.92575
Selu,,India,19.45512,76.44073
Medak,,India,18.04531,78.26078
Patancheru,,India,17.53334,78.2645
Chhatarpur,,India,28.49849,77.18254
Dondaicha,,India,21.3236,74.56804
Jāmner,,India,20.80949,75.77768
Burla,,India,21.50976,83.87259
Porur,,India,13.03565,80.15821
Nellikkuppam,,India,11.77554,79.67016
Padra,,India,22.2398,73.08451
Kawardha,,India,22.00853,81.23148
Gulāothi,,India,28.58938,77.79318
Joda,,India,22.017,85.422
Seohāra,,India,29.20904,78.58837
Warora,,India,20.22885,79.00277
Mānvi,,India,15.99126,77.05034
Kurseong,,India,26.88251,88.27729
Manglaur,,India,29.79094,77.87836
Nilambūr,,India,11.27271,76.22571
Ganj Dundwāra,,India,27.73308,78.94119
Nānpāra,,India,27.86459,81.50036
Khordha,,India,20.18268,85.61629
Atarra,,India,25.28618,80.57155
Barbigha,,India,25.2167,85.7333
Merta,,India,26.64859,74.03414
Jammalamadugu,,India,14.84677,78.38314
Garhwa,,India,24.16002,83.80755
Nawanshahr,,India,31.1245,76.11613
Rānāvāv,,India,21.68734,69.74485
Bānka,,India,24.88091,86.92257
Thoubāl,,India,24.63881,93.99639
Mahmudābād,,India,27.29191,81.11775
Milavittan,,India,8.81928,78.09087
Pakur,,India,24.63925,87.84239
Cherthala,,India,9.68444,76.33558
Nāyudupet,,India,13.90742,79.89465
Farrukhnagar,,India,17.07787,78.20339
Rāmpura,,India,30.256,75.24116
Chirakkal,,India,11.91257,75.36102
Chirkunda,,India,23.74771,86.78804
Coonoor,,India,11.34979,76.79375
Pāndhurnā,,India,21.59556,78.52628
Shertallai,,India,9.68581,76.33996
Kodur,,India,11.01528,76.07009
Giddarbāha,,India,30.19953,74.66627
Meddappakkam,,India,12.91661,80.19385
Nandikotkūr,,India,15.85668,78.26569
Khalīlābād,,India,26.77268,83.07179
Chittaranjan,,India,23.85681,86.90324
Pāthardih,,India,23.6658,86.43166
Chāmpa,,India,22.03532,82.64234
Mehkar,,India,20.1505,76.56841
Dhanpuri,,India,23.18542,81.55513
Sundergarh,,India,22.11667,84.03333
Dīg,,India,27.47188,77.32564
Tumsar,,India,21.38333,79.73333
Rameswaram,,India,9.2885,79.31271
Bangarapet,,India,12.99116,78.17804
Tānda,,India,28.97621,78.94187
Vishāram,,India,12.91808,79.27756
Thiruthani,,India,13.17594,79.61637
Digras,,India,20.1035,77.71846
Maradu,,India,9.93653,76.32382
Bāndīkūi,,India,27.05087,76.57325
Dowleswaram,,India,16.94761,81.77987
Bālāpur,,India,20.66612,76.77386
Tondalam,,India,11.50137,76.34983
Jawaharnagar,,India,17.51001,78.56562
Homnābād,,India,17.77074,77.12519
Memāri,,India,23.17647,88.09749
Nāndūra,,India,20.83417,76.45924
Kottangara,,India,8.92412,76.64673
Angul,,India,20.84089,85.10192
Kōttakkal,,India,11.00089,76.00618
Libāspur,,India,28.75089,77.14647
Dalli Rājhara,,India,20.58573,81.07501
Kālpi,,India,26.11667,79.73333
Jintūr,,India,19.61186,76.6874
Daman,,India,20.41431,72.83236
Rāmnagar,,India,25.26907,83.02971
Anekal,,India,12.7111,77.69557
Akkarampalle,,India,13.65,79.42
Nidadavole,,India,16.90572,81.67222
Raisen,,India,23.33033,77.7811
Gūduvāncheri,,India,12.84519,80.06055
Varangaon,,India,21.01767,75.91042
Sihorā,,India,23.4871,80.10404
Chidawa,,India,28.23937,75.64035
Ahmadpur,,India,18.70622,76.93731
Olavanna,,India,11.21836,75.83248
Gobārdānga,,India,22.8774,88.75479
Melmadai,,India,9.92638,78.15028
Saint Thomas Mount,,India,13.00334,80.19614
Yellandu,,India,17.59064,80.32146
Hāflong,,India,25.16478,93.01744
Polavaram,,India,17.24754,81.64372
Kanuru,,India,16.28584,81.25464
Bodupāl,,India,17.41877,78.58427
Rāmachandrapuram,,India,16.83636,82.02871
Panachikkad,,India,9.52974,76.54062
Shōranūr,,India,10.76181,76.27078
Pallikaranai,,India,12.9377,80.2153
Kāndhla,,India,29.32104,77.27101
Barwāla,,India,29.36747,75.90809
Nilithi,,India,28.65201,77.05644
Jambusar,,India,22.05236,72.80074
Varkala,,India,8.7333,76.7167
Kātol,,India,21.27388,78.5858
Kopali,,India,22.83718,86.19161
Sainthia,,India,23.94826,87.68045
Choornikkara,,India,10.08788,76.3411
Perungudi,,India,12.96095,80.24094
Kamal Pur Majra Burari,,India,28.74667,77.19348
Jīwanpur,,India,28.71448,77.28489
Barhiya,,India,25.28814,86.02055
Sojat,,India,25.92493,73.66633
Kālimpong,,India,27.03461,88.63084
Periyakulam,,India,10.12268,77.54372
Simdega,,India,22.61523,84.50208
Bishrāmpur,,India,24.25299,83.92502
Kottuvalli,,India,10.11119,76.24634
Bairāgnia,,India,26.74063,85.27323
Diglipur,,India,13.26667,93.0
Panipat Taraf Ansar,,India,29.41223,76.9547
Ranjangaon S,,India,19.84404,75.21482
Kakkodi,,India,11.31973,75.80146
Mahbūbābād,,India,17.59728,80.00207
Perumbaikad,,India,9.61827,76.53127
Ārvi,,India,20.99585,78.22914
Parāsia,,India,22.1913,78.75904
Sivaganga,,India,9.84701,78.48358
Limbdi,,India,22.56507,71.81076
Chavara,,India,8.96727,76.54188
Dahegām,,India,23.16903,72.82161
Shāhābād,,India,30.16776,76.87046
Jaspur,,India,29.27919,78.82798
Thān,,India,22.57422,71.19942
Bāola,,India,22.82844,72.36364
Khekra,,India,28.86586,77.2841
Bhupalpally,,India,18.42866,79.86385
Dīnhāta,,India,26.13526,89.46129
Aland,,India,17.56425,76.56854
Kumbalangy,,India,9.87977,76.28353
Naini Tāl,,India,29.39743,79.44686
Idar,,India,23.84145,73.00068
Chinnamanūr,,India,9.83999,77.38109
Bhawāni Mandi,,India,24.41582,75.83552
Kyathampalle,,India,19.66781,78.5289
Sikandra Rao,,India,27.68859,78.37985
Palladam,,India,10.99175,77.28633
Rāzām,,India,18.44909,83.65957
Jājpur,,India,20.84852,86.33729
Jora,,India,26.34209,77.8092
Canning,,India,22.31399,88.66508
Khairābād,,India,27.52698,80.75461
Pratāpgarh,,India,24.03215,74.78162
Dhāka,,India,26.67479,85.16698
Kannad,,India,20.25684,75.13786
Nāthdwāra,,India,24.93805,73.82392
Abdu Rahiman Nagar,,India,11.06983,75.93879
Golāghāt,,India,26.51167,93.95951
Kekri,,India,25.97132,75.14992
Barauli,,India,26.38109,84.58648
Mahē,,India,11.70172,75.53474
Diamond Harbour,,India,22.19268,88.18951
Sūrampatti,,India,11.32726,77.71122
Bāghpat,,India,28.94485,77.21865
Bar Bigha,,India,25.21855,85.7332
Nārāyanpet,,India,16.74799,77.4954
Khambhāliya,,India,22.20685,69.65031
Bilāra,,India,26.18067,73.7055
Trikonavattam,,India,8.88987,76.66588
Rājgīr,,India,25.02828,85.42079
Kudappanakkunnu,,India,8.55142,76.96079
Paithan,,India,19.47506,75.38558
Kodīnar,,India,20.79393,70.70216
Pīleru,,India,13.65584,78.93854
Pirāyiri,,India,10.76523,76.63178
Rāmganj Mandi,,India,24.64648,75.94325
Vaijāpur,,India,19.92672,74.7275
Kannamangalam,,India,11.07543,75.98522
Saundatti,,India,15.76615,75.11778
Jaggayyapeta,,India,16.8938,80.09807
Peddapalli,,India,18.61357,79.37442
Dhupgāri,,India,26.58904,89.00732
Triprangod,,India,10.84225,75.94856
Chākan,,India,18.76059,73.86351
Bharthana,,India,26.75231,79.2218
Patti,,India,31.28092,74.85849
Jalārpet,,India,12.57025,78.57318
Vadgaon,,India,20.37589,78.11258
Tālcher,,India,20.94927,85.23354
Thottada,,India,11.83851,75.4208
Kalliyoor,,India,8.43128,77.01285
Arantāngi,,India,10.17235,78.99118
Athiyannur,,India,8.393,77.06371
Icchannūr,,India,11.36148,75.77819
Sherghāti,,India,24.5595,84.79162
Bhādra,,India,29.10298,75.17138
Jhajha,,India,24.77107,86.37888
Ghātsīla,,India,22.58531,86.47682
Dharmanagar,,India,24.36667,92.16667
Kayalpattinam,,India,8.57143,78.11992
Nowgong,,India,25.06136,79.44125
Savanūr,,India,14.97335,75.33724
Nailā,,India,22.02074,82.5666
Nannambra,,India,10.99211,75.90799
Manapparai,,India,10.60772,78.42582
Boyampālaiyam,,India,11.14875,77.35368
Kallakkurichchi,,India,11.7404,78.959
Kulathummal,,India,8.5073,77.08145
Ettumānūr,,India,9.66898,76.55924
Ghātampur,,India,26.15272,80.16803
Channarāyapatna,,India,12.90642,76.38775
Akivīdu,,India,16.58225,81.38112
Kovvūr,,India,17.0162,81.72934
Vellakkovil,,India,10.94627,77.71242
Bhālki,,India,18.04348,77.206
Sabalgarh,,India,26.24918,77.40786
Kāttipparutti,,India,10.87385,76.05348
Murtajāpur,,India,20.73299,77.36694
Peringathur,,India,11.7137,75.58599
Solan,,India,30.90908,77.10869
Nādāpuram,,India,11.68465,75.65493
Gursahāiganj,,India,27.11518,79.73174
Maihar,,India,24.26594,80.76063
Bantvāl,,India,12.8905,75.03489
Pallipalayam,,India,11.36523,77.76235
Mapusa,,India,15.59154,73.80898
Tāki,,India,22.58867,88.93253
Akalkot,,India,17.52532,76.20611
Maner,,India,25.64602,84.87291
Mālūr,,India,13.00322,77.93798
Bakhri,,India,25.59889,86.26074
Mayyanād,,India,8.83726,76.64505
Mappilaiurani,,India,8.8359,78.13518
Melur,,India,10.03241,78.3393
Hāsimāra,,India,26.7469,89.35385
Sathupalli,,India,17.24968,80.86899
Pūranpur,,India,28.51283,80.14829
Aklūj,,India,17.89241,75.02138
Bānsi,,India,27.17749,82.93442
Bīlāspur,,India,28.88655,79.2703
Vadavalli,,India,11.02472,76.8973
Thakurdwara,,India,29.19203,78.86145
Amudālavalasa,,India,18.41025,83.90295
Vyāra,,India,21.11079,73.39365
Bhavāni,,India,11.44553,77.68215
Samālkha,,India,29.23552,77.01273
Lakkanahalli,,India,12.11202,78.15384
Porsa,,India,26.67444,78.37081
Kadungalūr,,India,10.0948,76.32106
Kālappatti,,India,11.07937,77.03709
Anandpur,,India,21.21411,86.12492
Chaklāsi,,India,22.6532,72.94497
Rādhanpur,,India,23.83238,71.6047
Murshidābād,,India,24.1839,88.27171
Manakunnam,,India,9.8857,76.37328
Bhachāu,,India,23.29858,70.34279
Jalālābād,,India,30.60622,74.25727
Kurinjippādi,,India,11.55028,79.59066
Sedam,,India,17.17859,77.28998
Vādāsinor,,India,22.95677,73.33505
Kampli,,India,15.40626,76.60013
Kāro,,India,23.78516,85.9783
Tirkadavūr,,India,8.92398,76.59101
Jogbani,,India,26.39905,87.26525
Mūkondapalli,,India,12.75142,77.80169
Sirohi,,India,24.88838,72.84794
Aroor,,India,9.8694,76.30498
Othukkungal,,India,11.0283,76.02903
Ghosī,,India,26.10587,83.5393
Sumerpur,,India,25.1543,73.08157
Pehowa,,India,29.97897,76.58249
Kārakkād,,India,10.58804,76.03884
Nūrpur,,India,29.14956,78.4084
Revelganj,,India,25.78976,84.63596
Betamcherla,,India,15.45144,78.14797
Belpahar,,India,21.8218,83.8458
Chīka,,India,30.04891,76.343
Paravūr Tekkumbhāgam,,India,8.7947,76.66798
Tuvāgudi,,India,10.74725,78.82133
Dwārka,,India,22.23944,68.96778
Kotamangalam,,India,10.06435,76.62843
Kātpādi,,India,12.96951,79.14552
Rangat,,India,12.50595,92.9155
Sagauli,,India,26.7639,84.74341
Rāhuri,,India,19.39069,74.64979
Sanāwad,,India,22.17391,76.06993
Kondapalle,,India,16.61989,80.54244
Vetapālem,,India,15.78502,80.30663
Sangariā,,India,29.79886,74.46683
Jalesar,,India,27.47315,78.3031
Nattakam,,India,9.54533,76.51414
Paliā Kalān,,India,28.43205,80.58137
Bayāna,,India,26.90791,77.28985
Rājula,,India,21.03854,71.44345
Bodh Gaya,,India,24.69808,84.9869
Keru,,India,26.19247,73.0443
Kollancode,,India,8.28903,77.10799
Kilakarai,,India,9.23183,78.78545
Kumhāri,,India,21.26667,81.51667
Chikodi,,India,16.42898,74.58591
Khairtal,,India,27.80426,76.63861
Pathanāmthitta,,India,9.26667,76.78333
Chōrōd,,India,11.62773,75.59147
Nandigāma,,India,16.7717,80.28596
Indi,,India,17.17735,75.9526
Kondli,,India,28.61167,77.32667
Nildoh,,India,21.11075,78.98915
Kabnur,,India,16.70166,74.43952
Malavalli,,India,12.38556,77.06045
Sūlūru,,India,13.7,80.01667
Kāman,,India,27.65791,77.26908
Chetwayi,,India,10.52885,76.04793
Nongthymmai,,India,25.5637,91.9064
Shahbazpur,,India,26.30511,87.28865
Wādi,,India,17.05183,76.99048
Tirupati NMA,,India,13.63229,79.48568
Gauribidanur,,India,13.61072,77.51738
Tāsgaon,,India,17.037,74.60171
Agar,,India,23.71177,76.01571
Rajakilpakkam,,India,12.91944,80.16972
Gharonda Neemka Bangar,,India,28.61644,77.288
Dibai,,India,28.20849,78.26173
Robertsganj,,India,24.6886,83.06784
Pen,,India,18.73734,73.09603
Tarikere,,India,13.70954,75.81382
Maudaha,,India,25.68312,80.11419
Gharaunda,,India,29.53692,76.97142
Sathyamangalam,,India,11.50526,77.23826
Cheyyar,,India,12.66052,79.54308
Sonepur,,India,25.69608,85.16669
Niwai,,India,26.36073,75.91836
Gogri Jamālpur,,India,25.41117,86.65925
Bilāsipāra,,India,26.23285,90.2341
Nangli Sakrawat,,India,28.62169,76.9923
Satānā,,India,20.59483,74.20301
Rāwatbhāta,,India,24.92981,75.59209
Ellenabad,,India,29.45282,74.66122
Wānādongri,,India,21.0938,78.97273
Parola,,India,20.88098,75.11937
Pāthri,,India,19.2588,76.43412
Bopal,,India,23.03341,72.46723
Chettipālaiyam,,India,11.16669,77.33502
Talattala,,India,8.87382,76.67158
Jhālrapātan,,India,24.54205,76.17242
Zira,,India,30.96853,74.99106
Leh,,India,34.16504,77.58402
Kānker,,India,20.27193,81.49177
Sārangpur,,India,23.56651,76.47306
Sandūr,,India,15.08613,76.54692
Bāngarmau,,India,26.8912,80.21149
Kanigiri U,,India,15.40637,79.50702
Jaito,,India,30.45126,74.89189
Dongargarh,,India,21.18893,80.75459
Phulbāni,,India,20.48101,84.23063
Malayinkeezhu,,India,8.4902,77.0374
Attingal,,India,8.69609,76.81507
Perunkalattu,,India,12.91823,80.08245
Morsi,,India,21.3403,78.01258
Pilibangan,,India,29.44964,74.10093
Nelamangala,,India,13.09978,77.39364
Sindgi,,India,16.91883,76.23368
Vettūr,,India,8.71742,76.72582
Bhadgaon,,India,20.66905,75.22937
Ratia,,India,29.69029,75.57688
Sirūr,,India,18.8276,74.37475
Ashta,,India,16.94943,74.40936
Lālganj,,India,25.86894,85.17394
Tinnanūr,,India,13.11448,80.02713
Bandipura,,India,34.41728,74.64308
Bābarpur,,India,28.68747,77.28558
Pujali,,India,22.46787,88.14524
Garhmuktesar,,India,28.78732,78.10214
Bahādurganj,,India,26.26172,87.82443
Nakodar,,India,31.12586,75.47508
Lūnāvāda,,India,23.12841,73.61043
Vazhayur,,India,11.21729,75.89987
Hojāi,,India,26.00281,92.85605
Akbarpur,,India,26.42953,82.53431
Pīpār,,India,26.38441,73.54394
Lanka,,India,25.92907,92.94856
Tuensang,,India,26.26704,94.82415
Vuyyūru,,India,16.36307,80.84406
Lakshmeshwar,,India,15.12689,75.46935
Kumta,,India,14.42853,74.4189
Yāval,,India,21.16772,75.69762
Tilda Newra,,India,21.55324,81.80187
Kattivākkam,,India,13.21667,80.31667
Peringottupulam,,India,11.02682,76.0987
Sohna,,India,28.24737,77.06544
Patāmundai,,India,20.57806,86.56063
Kodaikānāl,,India,10.23925,77.48932
Ichchāpuram,,India,19.11393,84.68721
Daryāpur,,India,20.92489,77.32644
Chunār,,India,25.12776,82.8821
Amīnpur,,India,17.5242,78.32273
Mungeli,,India,22.06566,81.68543
Barnagar,,India,23.0489,75.37804
Pūrna,,India,19.1817,77.02566
Khunti,,India,23.07602,85.27818
Nargund,,India,15.72299,75.38666
Parappur,,India,11.01213,75.99471
Neem ka Thana,,India,27.73976,75.78652
Vilappil,,India,8.52218,77.04001
Nilanga,,India,18.11675,76.75279
Naharlagun,,India,27.10467,93.69518
Boisar,,India,19.80362,72.75598
Ausa,,India,18.24728,76.4993
Sadābād,,India,27.43818,78.03758
Bindki,,India,26.03613,80.57617
Mahālingpur,,India,16.3888,75.10873
Rāvu,,India,22.63727,75.81474
Mālpura,,India,26.2838,75.36458
Bramhapuri,,India,20.61107,79.86103
Wai,,India,17.95276,73.89058
Shikaripura,,India,14.2698,75.35643
Shirdi,,India,19.76616,74.47738
Neduva,,India,11.05669,75.86685
Venganoor,,India,8.39638,77.00331
Ramanattukara,,India,11.17802,75.86892
Mokokchūng,,India,26.3248,94.51834
Pinjaur,,India,30.79873,76.91822
Mādāyi,,India,12.03427,75.23779
Partūr,,India,19.59925,76.21541
Dīndārpur,,India,28.59813,76.99161
Talakkād,,India,10.88459,75.93091
Krishnarājāsāgara,,India,12.43976,76.38276
Jhābua,,India,22.76772,74.59087
Madipakkam,,India,12.96226,80.19864
Karāla,,India,28.73548,77.03522
Gariadhar,,India,21.53889,71.57737
Kakrāla,,India,27.89269,79.1945
Bīdāsar,,India,27.83598,74.31776
Lahār,,India,26.19401,78.94137
Ambasamudram,,India,8.71068,77.4519
Islāmpur,,India,25.14075,85.20587
Kaipamangalam,,India,10.33496,76.13924
Medchal,,India,17.62972,78.48139
Ganaur,,India,29.1302,77.01832
Sholinganallur,,India,12.88996,80.23127
Kovūr,,India,14.5005,79.98518
Tuljāpur,,India,18.00804,76.07011
Barpeta Road,,India,26.50284,90.96937
Uravakonda,,India,14.94348,77.25494
Babīna,,India,25.23947,78.47028
Rafiganj,,India,24.81757,84.63445
Umarga,,India,17.83841,76.62331
Igatpuri,,India,19.69522,73.5626
Perumanna,,India,11.2529,75.89059
Budhāna,,India,29.28805,77.47534
Lingsugūr,,India,16.15876,76.52174
Rājpīpla,,India,21.86667,73.5
Dharangaon,,India,21.01187,75.27407
Mahemdāvād,,India,22.82359,72.75551
Karamsad,,India,22.54243,72.90392
Sūrandai,,India,8.97574,77.41923
Manali,,India,13.16667,80.26667
Wāris Alīganj,,India,25.0172,85.64047
Pulgaon,,India,20.72204,78.32056
Usilampatti,,India,9.96936,77.78621
Puzhathi,,India,11.90112,75.38924
Perunād,,India,8.94899,76.64274
Kāramadai,,India,11.24058,76.96009
Giddalūr,,India,15.37439,78.92609
Atmakūr,,India,15.88109,78.58704
Pāppinisshēri,,India,11.95655,75.34034
Vijāpur,,India,23.5623,72.74848
Rāwatsār,,India,29.26724,74.40288
Dubrājpur,,India,23.7902,87.37648
Karumattampatti,,India,11.10933,77.182
Jalālābād,,India,27.72625,79.65523
Māranchēri,,India,10.74051,75.97096
Podaturpet,,India,13.28169,79.48538
Shāhābād,,India,28.56681,79.00956
Peruvallur,,India,11.10483,75.93269
Rairangpur,,India,22.26675,86.17385
Sīrkāzhi,,India,11.23725,79.73585
Kichha,,India,28.91154,79.52009
Vijayapura,,India,13.29724,77.80184
Hebbagodi,,India,12.82632,77.68085
Chēmanchēri,,India,11.40482,75.72363
Erāttupetta,,India,9.68747,76.77891
Rāmdurg,,India,15.94579,75.29785
Jāmadoba,,India,23.71667,86.4
Safidon,,India,29.40596,76.67042
Bolārum,,India,17.55606,78.34824
Bareli,,India,23.00445,78.2301
Erāmala,,India,11.68591,75.59104
Shikārpūr,,India,28.28072,78.01411
Sankeshwar,,India,16.25649,74.48195
Karjat,,India,18.9107,73.32354
Bakhtiyārpur,,India,25.46179,85.53179
Bagasra,,India,21.48719,70.95516
Villiappally,,India,11.62495,75.62875
Aymanam,,India,9.60684,76.50055
Angamāli,,India,10.19055,76.38789
Villianur,,India,11.91393,79.75568
Manipal,,India,13.35,74.78333
Lālsot,,India,26.55951,76.32915
Mehidpur,,India,23.48879,75.658
Soyāgaon,,India,20.5525,74.50687
Sāngola,,India,17.43948,75.19379
Vedaraniyam,,India,10.37208,79.85095
Kuruvattūr,,India,11.33609,75.83511
Muddebihāl,,India,16.33782,76.13173
Navāpur,,India,21.16157,73.79399
Khāchrod,,India,23.42322,75.28185
Yanamalakuduru,,India,16.48531,80.66746
Malajkhand,,India,22.05158,80.71566
Vapi INA,,India,20.36006,72.93106
Kunigal,,India,13.02319,77.02518
Kadūr,,India,13.55285,76.01164
Chelambra,,India,11.15086,75.87192
Hamīrpur,,India,25.9553,80.14842
Kokrajhar,,India,26.40107,90.27286
Risod,,India,19.97671,76.78799
Kālka,,India,30.83982,76.94065
Nawābganj,,India,28.54103,79.63462
Kāgal,,India,16.57702,74.31544
Pārassāla,,India,8.33869,77.15422
Titlāgarh,,India,20.28961,83.15233
Begamganj,,India,23.59917,78.34064
Nagalapuram,,India,13.38836,79.79623
Jāmkhed,,India,18.73519,75.31343
Fatehpur,,India,27.17281,81.21061
Elampalloor,,India,8.95583,76.67388
Jayamkondacholapuram,,India,11.21266,79.36369
Tudiyalūr,,India,11.08159,76.94464
Ālankōd,,India,10.74603,76.03481
Shāhpura,,India,27.3912,75.95956
Elayavur,,India,11.88918,75.4124
Guledagudda,,India,16.05025,75.78997
Iramallūr,,India,10.0619,76.57168
Piro,,India,25.33218,84.40454
Guskhara,,India,23.49276,87.73484
Umreth,,India,22.69881,73.11561
Narsīpatnam,,India,17.66709,82.61245
Bahjoi,,India,28.39502,78.62659
Dharmābād,,India,18.89116,77.8494
Chockli,,India,11.72745,75.55509
Vemalwāda,,India,18.46523,78.86894
Colgong,,India,25.26328,87.23264
Bāsudebpur,,India,21.11974,86.72896
Rājākhera,,India,26.89802,78.171
Hailākāndi,,India,24.68394,92.56097
Jagatsinghapur,,India,20.2557,86.17112
Gevrai,,India,19.26372,75.75007
Madikeri,,India,12.42602,75.7382
Kopāganj,,India,26.01923,83.5663
Thāna Bhawan,,India,29.58605,77.41811
Pūndri,,India,29.76096,76.56034
Vagholi,,India,18.5823,73.98301
Birmitrapur,,India,22.4,84.76667
Chaksu,,India,26.6051,75.94814
Darsi,,India,15.76978,79.67939
Zaidpur,,India,26.83093,81.32929
Remuna,,India,21.52798,86.87156
Puthenvelikara,,India,10.18511,76.24537
Āmli,,India,20.28333,73.01667
Anūpgarh,,India,29.19111,73.20861
Salāya,,India,22.31038,69.60376
Idangansālai,,India,11.62721,77.98898
Kosamba,,India,21.46202,72.95842
Basavana Bāgevādi,,India,16.57278,75.97252
Muhammadābād,,India,25.61907,83.75576
Lakhyabad,,India,23.66667,86.66667
Aya Nagar,,India,28.47202,77.1327
Umaria,,India,23.52473,80.83716
Chanderi,,India,24.71312,78.13809
Ajānūr,,India,12.33614,75.09297
Manendragarh,,India,23.21337,82.20232
Rāmgarh,,India,28.17096,74.97973
Bhādāsar,,India,28.31457,74.28952
Srvanampatti,,India,11.07643,77.00449
Bhokar,,India,19.21933,77.66962
Patrātu,,India,23.66505,85.30353
Sānchor,,India,24.75361,71.7728
Kurumbapet,,India,11.93983,79.77127
Kaimganj,,India,27.55441,79.33525
Bāmaur,,India,26.33895,78.10104
Jānjgīr,,India,22.00922,82.5778
Egra,,India,21.89947,87.53794
Bihārīganj,,India,25.73415,86.98837
Mushābani,,India,22.51135,86.45713
Udaipur,,India,23.53333,91.48333
Dighwāra,,India,25.74434,85.01003
Ngūr,,India,23.53798,93.3732
Garhākota,,India,23.7791,79.14321
Vengola Kizhakkumbāgam,,India,10.06374,76.47606
Mamun,,India,32.28241,75.69831
Nānjikkottai,,India,10.72925,79.14245
Bijuri,,India,23.25236,82.11673
Ghugus,,India,19.9381,79.11192
Tārānagar,,India,28.6686,75.03207
Nepānagar,,India,21.4538,76.39335
Bādepalli,,India,16.7549,78.14427
Nautanwa,,India,27.42752,83.41789
Pīrzādagūda,,India,17.39455,78.59047
Hisua,,India,24.8336,85.41729
Shamshabad,,India,17.25186,78.41835
Vallabh Vidyanagar,,India,22.53333,72.9
Erraguntla,,India,14.63853,78.53974
Edappāl,,India,10.78339,76.00789
Manuguru,,India,17.93023,80.82671
Soro,,India,21.27851,86.68833
Ulliyeri,,India,11.45247,75.76662
Saoner,,India,21.3851,78.92155
Muttayyāpuram,,India,8.7498,78.13112
Manwath,,India,19.30133,76.49735
Dhandhuka,,India,22.38185,71.98664
Jūjūvādi,,India,12.76794,77.79184
Hatta,,India,24.13406,79.60119
Jagdīspur,,India,25.46811,84.41939
Almora,,India,29.59713,79.65911
Thuraiyur,,India,11.14805,78.59911
Saknepalli,,India,18.92862,79.45712
Anta,,India,25.15,76.3
Gajendragarh,,India,15.73628,75.96976
Narsinghgarh,,India,23.70758,77.09319
Kalyandurg,,India,14.54519,77.10552
Chittūr,,India,10.69967,76.7471
Madhapar,,India,23.23756,69.69946
Chhabra,,India,24.66472,76.84379
Manamadurai,,India,9.67318,78.47096
Tiruchchendur,,India,8.49725,78.11906
Bisauli,,India,28.30772,78.93678
Kangayam,,India,11.00599,77.5609
Mannanchōri,,India,9.5722,76.35245
Kakching,,India,24.4982,93.98126
Turaiyūr,,India,11.14968,78.5987
Bijaynagar,,India,25.92976,74.64916
Ferokh,,India,11.17989,75.84141
Dhāmnod,,India,22.20928,75.47057
Jora Khurd,,India,26.48927,77.97578
Pāvugada,,India,14.09953,77.28018
Thenhippalam,,India,11.13232,75.88224
Halvad,,India,23.01516,71.18029
Meerpet,,India,17.32098,78.53046
Zamānia,,India,25.41961,83.55786
Bhatkal,,India,13.98534,74.55531
Malkapur,,India,17.26214,74.17574
Makhdumpur,,India,25.06567,84.97247
Shafi Pur Ranhola,,India,28.65729,77.04001
Jāridih,,India,23.76571,85.93864
Rasrā,,India,25.8576,83.85487
Sādpalli,,India,17.20995,80.83642
Sattur,,India,9.35592,77.92457
Maur,,India,30.08333,75.25
Chhota Gobindpur,,India,22.74588,86.25886
Sāsvad,,India,18.34351,74.03102
Vilavoorkkal,,India,8.48093,77.02204
Kotma,,India,23.20383,81.97904
Kottaikuppam,,India,11.96126,79.83923
Khaira,,India,19.78673,72.76161
Tālīkota,,India,16.47311,76.31085
Puzhal,,India,13.16475,80.20385
Kalpatta,,India,11.60871,76.08343
Ambad,,India,19.61301,75.78906
Rāhatgarh,,India,23.78968,78.39473
Sijua,,India,23.77617,86.33028
Vandavāsi,,India,12.50429,79.60556
Tirumuruganpūndi,,India,11.16493,77.30838
Thanneermukkom,,India,9.66337,76.38073
Parūr,,India,10.1477,76.23
Gomoh,,India,23.87355,86.1516
Elūr,,India,10.06667,76.28333
Chemmumiahpet,,India,14.46289,78.81191
Jalālpur,,India,26.31162,82.73859
Kharagpur,,India,25.12446,86.55578
Sri Mādhopur,,India,27.46599,75.59736
Lumding Railway Colony,,India,25.74903,93.16998
Ahmedgarh,,India,30.67731,75.82633
Chītāpur,,India,17.12357,77.0824
Jhanjhārpur,,India,26.26467,86.27993
Nāspur,,India,18.84577,79.46165
Singānallūr,,India,10.99898,77.03238
Unchagao,,India,16.69746,74.27325
Bagru,,India,26.81067,75.54702
Cheriyamundam,,India,10.94764,75.95643
Allapuram,,India,12.89509,79.12786
Rāmāpuram,,India,13.10091,79.1841
Rosera,,India,25.75494,86.03155
Podili,,India,15.60639,79.61489
Shrīgonda,,India,18.61527,74.69895
Kalliyasshēri,,India,11.97549,75.36453
Kannānendal,,India,9.96487,78.14159
Pāndharkawada,,India,20.02108,78.54628
Mankāchar,,India,25.53347,89.86373
Katirur,,India,11.78491,75.53015
Erandol,,India,20.92206,75.32641
Adirampattinam,,India,10.34059,79.37905
Kūrāli,,India,30.83424,76.57677
Jagdīshpur,,India,26.74967,80.5451
Ponneri,,India,13.33868,80.19487
Shamsābād,,India,27.01718,78.12358
Malakanagiri,,India,18.36428,81.888
Deolali,,India,19.47393,74.62063
Mangrūl Pīr,,India,20.31379,77.34178
Narsampet,,India,17.92786,79.89227
Berasia,,India,23.63134,77.43351
Bādāmi,,India,15.91495,75.67683
Pasān,,India,22.84412,82.19823
Pāmban,,India,9.27904,79.21086
Banda,,India,24.04488,78.96094
Kalakkādu,,India,8.5138,77.54944
Kondagaon,,India,19.59083,81.664
Puthuppariyāram,,India,10.81314,76.62869
Vilāngudi,,India,9.94578,78.09352
Rūdarpur,,India,26.44467,83.61302
Sholinghur,,India,13.1181,79.42025
Mānāvadar,,India,21.49813,70.13775
Purāini,,India,25.14257,86.97967
Deūlgaon Rāja,,India,20.01757,76.03755
Dharmadam,,India,11.77538,75.46459
Madurāntakam,,India,12.51167,79.88485
Kizhuvalam-Koonthalloor,,India,8.66251,76.80966
Dharamsala,,India,32.22006,76.32013
Pedana,,India,16.25582,81.14378
Kaij,,India,18.71364,76.06718
Kallamchavadi,,India,12.95306,80.13083
Un,,India,23.88745,71.76975
Vadanappally,,India,10.46905,76.08129
Irimbiliyam,,India,10.86242,76.09218
Mūdbidri,,India,13.06653,74.99525
Pallappatti,,India,10.72057,77.87951
Cheranellūr,,India,10.05428,76.2896
Mahārāganj,,India,27.14456,83.56214
Nāgāvaram,,India,17.48862,78.60208
Tarakeswar,,India,22.88605,88.01363
Tifrā,,India,22.06312,82.13129
Siraspur,,India,28.75815,77.13087
Kundapura,,India,13.63126,74.6902
Uran,,India,18.87813,72.93924
Kasba,,India,25.85643,87.53836
Karjan,,India,22.04671,73.11814
Muvattupuzha,,India,9.97985,76.57381
Manāwar,,India,22.23566,75.08917
Pihānī,,India,27.61987,80.20343
Madukkarai,,India,10.90568,76.96344
Amlai,,India,23.19838,81.58064
Mānsa,,India,23.42564,72.65739
Dhāruhera,,India,28.20553,76.79691
Sarkhej,,India,22.98297,72.50196
Banmankhi Bazar,,India,25.88761,87.19356
Rehli,,India,23.63722,79.06275
Udaipur,,India,27.72297,75.47178
Tāramangalam,,India,11.69403,77.97035
Amla,,India,21.92485,78.12786
Tirukkoyilur,,India,11.9662,79.20259
Musiri,,India,10.95299,78.44427
Hīrākud,,India,21.52502,83.87275
Khair,,India,27.94195,77.84243
Rajauli,,India,24.64486,85.50028
Kakkalapalle,,India,14.64152,77.56684
Cherukavu,,India,11.17307,75.90858
Seoni Mālwa,,India,22.45046,77.4665
Oddanchathiram,,India,10.48013,77.74977
Fatehpur Sīkri,,India,27.0937,77.66003
Azhiyūr,,India,11.69348,75.56013
Byādgi,,India,14.67325,75.4868
Birpara,,India,26.70421,89.14547
Cherpulassery,,India,10.87655,76.30932
Multai,,India,21.77463,78.25756
Holenarasipura,,India,12.78635,76.24331
Talāja,,India,21.3527,72.03524
Marhaura,,India,25.97349,84.86796
Kareli,,India,22.91533,79.06378
Baddi,,India,30.95783,76.79136
Bhongaon,,India,27.25515,79.18118
Pānakkudi,,India,8.322,77.57711
Gadhada,,India,21.96957,71.57828
Pūlakkōd,,India,11.30975,75.94995
Mukeriān,,India,31.95394,75.61716
Rāmgarh,,India,27.25097,75.17893
Ariyānkuppam,,India,11.89532,79.80709
Karumālūr,,India,10.1329,76.27992
Kottārakara,,India,9.00359,76.77383
Mavoor,,India,11.26667,75.91667
Pilāni,,India,28.36725,75.60352
Devarkonda,,India,16.69186,78.92073
Rājgarh,,India,24.00826,76.7325
Mīnād,,India,8.85031,76.69516
Nedumbassery,,India,10.15646,76.40167
Rājūra,,India,19.77947,79.36459
Bilāri,,India,28.62146,78.80361
Mūvattupula,,India,9.98493,76.57728
Adūr,,India,9.15595,76.73192
Walwadi,,India,20.92085,74.76111
Puthuppally,,India,9.55752,76.57483
Mīrānpur Katra,,India,28.02963,79.66778
Rāisinghnagar,,India,29.53583,73.44917
Kidarakulam,,India,8.56688,76.99129
Kuttuparamba,,India,11.82775,75.5659
Ārangaon,,India,19.02681,74.71487
Pakridayal,,India,26.56271,85.0452
Dhanera,,India,24.50967,72.02343
Chengamanād,,India,10.15409,76.34159
Lākheri,,India,25.67237,76.17692
Kalavoor,,India,9.57046,76.32756
Behror,,India,27.88832,76.28108
Reddipālaiyam,,India,13.10778,80.12056
Zunheboto,,India,25.96667,94.51667
Rajaori,,India,33.37526,74.3092
Sankagiri,,India,11.47599,77.86637
Mharal Bk,,India,19.24588,73.1771
Maināguri,,India,26.56263,88.8204
Nedumpana,,India,8.90796,76.69298
Puttankulam,,India,8.8138,76.71791
Nāgar Karnūl,,India,16.4821,78.32471
Sāgwāra,,India,23.67951,74.02013
Ibrāhīmpatnam,,India,16.58303,80.51432
Vadakku Valliyūr,,India,8.38286,77.61221
Jāmtāra,,India,23.963,86.80285
Khedbrahma,,India,24.0299,73.04632
Tirukkalikkunram,,India,12.60799,80.0555
Talakkolattur,,India,11.35366,75.75798
Pālkonda,,India,18.60374,83.75568
Cheruthazham,,India,12.08097,75.26272
Dhāri,,India,21.32855,71.02645
Amballūr,,India,10.43431,76.26341
Koovappady,,India,10.15525,76.48544
Chendamangalam,,India,10.16322,76.23456
Jewar,,India,28.122,77.55734
Nawāpāra,,India,20.97173,81.85884
Tarsadi,,India,21.46996,72.9521
Ner,,India,20.48971,77.86632
Shāhpura,,India,25.62094,74.92487
Vijayapuram,,India,9.59123,76.56124
Husainābād,,India,24.52849,84.0
Udaipurwati,,India,27.73011,75.47161
Bachhraon,,India,28.92694,78.23456
Jandiāla Gurū,,India,31.56198,75.0277
Irinjālakuda,,India,10.34238,76.21124
Renwāl,,India,27.15767,75.35808
Kumbalam,,India,9.9063,76.31127
Basni,,India,27.17232,73.64519
Morigaon,,India,26.24908,92.34764
Madhugiri,,India,13.66035,77.21239
Urakam,,India,11.05124,75.98833
Ariyalūr,,India,11.13849,79.07556
Islāmnagar,,India,28.32896,78.72524
Ponmana,,India,9.00798,76.52023
Mahendragarh,,India,28.26935,76.15253
Mudalgi,,India,16.33685,74.96768
Nakrekal,,India,17.16259,79.42754
Unamaucheri,,India,12.8608,80.10659
Gorai,,India,19.25,72.78333
Uttamapālaiyam,,India,9.80701,77.32718
Khandela,,India,27.60499,75.502
Sirsāganj,,India,27.05715,78.68661
Chodavaram,,India,17.82884,82.93526
Umarkot,,India,19.66529,82.20629
Hupari,,India,16.61667,74.40442
Suār,,India,29.02841,79.05654
Devadurga,,India,16.42314,76.93577
Manoharpur,,India,27.29769,75.9495
Nāhan,,India,30.56029,77.29426
Lādwa,,India,29.9935,77.04563
Gil,,India,30.84692,75.86362
Gunupur,,India,19.0804,83.80879
Avinashi,,India,11.19297,77.26865
Kotagiri,,India,11.42072,76.86035
Sikka,,India,22.43218,69.84158
Panipat Taraf Rajputan,,India,29.36089,76.94258
Kondotty,,India,11.1423,75.9657
Desāīganj,,India,20.62354,79.96454
Rusera,,India,25.75355,86.02597
Maddūr,,India,12.58283,77.04294
Nongstoin,,India,25.51704,91.26484
Rāikot,,India,30.65,75.6
Dinapur Cantonment,,India,25.63616,85.02026
Jhālod,,India,23.10097,74.15536
Karera,,India,25.45815,78.13583
Murlīganj,,India,25.8969,86.99577
Soron,,India,27.89055,78.74621
Mukher,,India,18.70636,77.36795
Vandiyūr,,India,9.90917,78.16088
Alandi,,India,18.67756,73.89868
Pattāmbi,,India,10.80005,76.18408
Tekkali,,India,18.6057,84.23546
Duliajan,,India,27.36035,95.31806
Duliajan Oil Town,,India,27.3578,95.31407
Kāraippudūr,,India,11.05674,77.30613
Ambikāpuram,,India,10.79385,76.65303
Sūryampālaiyam,,India,11.40445,77.71227
Motipur,,India,26.25267,85.16076
Ālangulam,,India,8.86404,77.49937
Addanki,,India,15.81061,79.97338
Bemetāra,,India,21.71556,81.53423
Milak,,India,28.61031,79.16997
Losal,,India,27.4,74.91667
Alirajpur,,India,22.30393,74.35568
Pārdi,,India,20.5087,72.94569
Kinwat,,India,19.62557,78.1987
Pasan,,India,23.16485,81.92859
Lālgola,,India,24.42244,88.25238
Utraula,,India,27.31933,82.41872
Baikunthpur,,India,23.26206,82.56051
Jowai,,India,25.43596,92.19132
Ochira,,India,9.13478,76.51169
Rāpar,,India,23.57267,70.64718
Jammu Cantonment,,India,32.70438,74.86114
Bānswāda,,India,18.37725,77.88007
Hosadurga,,India,13.79631,76.28408
Ramanayyapeta,,India,16.94516,82.2385
Mīnjūr,,India,13.27951,80.25815
Sonāmukhi,,India,23.30521,87.41336
Kukshi,,India,22.20677,74.75788
Kansad,,India,21.07466,72.87888
Kālāvad,,India,22.20789,70.38343
Jashpur Nagar,,India,22.88783,84.13864
Māvelikara,,India,9.25929,76.55642
Dhanaura,,India,28.95912,78.25629
Jalgaon Jamod,,India,21.05194,76.53464
Pallipuram,,India,9.75502,76.35724
Sujānpur,,India,32.31625,75.60741
Annigeri,,India,15.42513,75.4335
Piravam,,India,9.86667,76.5
Ganderbal,,India,34.22619,74.77478
Uliyazhathura,,India,8.58165,76.92242
Mandi,,India,31.71194,76.93273
Atholi,,India,11.38853,75.7597
Shiggaon,,India,14.99053,75.22499
Pandua,,India,23.07492,88.28637
Pūnch,,India,33.77033,74.09254
Kottaikādu,,India,12.25556,79.98226
Hāngal,,India,14.76465,75.1246
Jhadeshwar,,India,21.71361,73.03231
Polūr,,India,12.51217,79.12405
Sheohar,,India,26.51393,85.29341
Perumbavoor,,India,10.10695,76.47366
Gundlupēt,,India,11.81004,76.69027
Sachīn,,India,21.08718,72.88153
Koynanagar,,India,17.4,73.76667
Gotegaon,,India,23.02888,79.48233
Kalwākurti,,India,16.66396,78.49143
Sheoganj,,India,25.13915,73.06784
Devanahalli,,India,13.24655,77.71183
Āron,,India,24.38109,77.41739
Hadagalli,,India,15.02048,75.93185
Patran,,India,29.9577,76.0486
Tharād,,India,24.39597,71.62577
Panāgar,,India,23.28539,79.99509
Dāsna,,India,28.67736,77.52252
Kulittalai,,India,10.93487,78.41251
Sulur,,India,11.02427,77.12565
Rangia,,India,26.44931,91.61356
Bāmor Kalān,,India,24.89298,78.15105
Umargām,,India,20.19718,72.75035
Nalbāri,,India,26.43937,91.44041
Pallikunnu,,India,11.88993,75.35652
Trittāla,,India,10.80303,76.12885
Vadnagar,,India,23.78593,72.63893
Jaswantnagar,,India,26.88271,78.90256
Afzalgarh,,India,29.3937,78.67393
Gangāpur,,India,19.69718,75.01045
Mahna,,India,30.22798,74.99365
Rāipur,,India,30.31097,78.08979
Mathur,,India,13.17097,80.24759
Tehri,,India,30.39086,78.4803
Māgadi,,India,12.95706,77.22374
Pūvātūparamba,,India,11.271,75.88945
Bāspalli,,India,17.53909,78.36355
Mahād,,India,18.08333,73.41667
Ezhupunna,,India,9.8211,76.29982
Sānkrāil,,India,22.54997,88.22515
Wārāseonī,,India,21.76184,80.04301
Beldānga,,India,23.93428,88.26018
Jilādiguda,,India,17.332,78.52553
Sausar,,India,21.65576,78.79669
Moothakunnam,,India,10.18995,76.20079
Pathirappally,,India,9.53539,76.32205
Hadgāon,,India,19.49552,77.65863
Chandrapura,,India,23.74877,86.11955
Rājaldesar,,India,28.02849,74.47442
Pachor,,India,23.70982,76.73387
Azhoor,,India,8.64415,76.79897
Mīrānpur,,India,29.29026,77.94939
Sādri,,India,25.18555,73.45288
Kullattūr,,India,12.94194,80.19472
Balussheri,,India,11.44738,75.82944
Kālānwāli,,India,29.83573,74.9717
Kadodara,,India,21.1616,72.9623
Chakapara,,India,22.63222,88.34861
Nanminda,,India,11.42325,75.82308
Nokha,,India,25.10479,84.1162
Kattumannarkoil,,India,11.27631,79.55784
Kalamb,,India,19.04437,73.95554
Āndippatti,,India,9.99797,77.62097
Arumuganeri,,India,8.5688,78.09091
Elamanchili,,India,17.54907,82.85749
Adichānallūr,,India,8.88049,76.71558
Laitumkhrah,,India,25.57067,91.89771
Gulābpura,,India,25.90448,74.66025
Pāthardi,,India,19.17279,75.17425
Kundarkhi,,India,28.68304,78.78559
Ukhrul,,India,25.11957,94.36417
Gadhinglaj,,India,16.22291,74.3501
Bilgrām,,India,27.17509,80.03201
Ali,,India,28.5161,77.30993
Jāfarābād,,India,20.86611,71.36606
Bhelai,,India,22.3093,82.60953
Bidhūna,,India,26.80172,79.50829
Ayakudi,,India,10.44992,77.55198
Vettanād,,India,8.60587,76.94235
Āsandh,,India,29.52119,76.60552
Perumpāvūr,,India,10.11544,76.47611
Chanpatia,,India,26.94442,84.5377
Afzalpur,,India,17.19986,76.36018
Gobindpur,,India,22.63393,86.07162
Tikkotti,,India,11.48333,75.61667
Gingee,,India,12.25282,79.41727
Rāver,,India,21.24757,76.03509
Bāgepalli,,India,13.78338,77.79667
Kotdwāra,,India,29.74612,78.52219
Payakaraopeta,,India,17.36784,82.56826
Bhawanipur,,India,26.45352,87.02744
Elamkunnapuzha,,India,10.02674,76.22229
Ettumanoor,,India,9.67,76.57
Lātehār,,India,23.74423,84.49984
Chengam,,India,12.30889,78.79137
Rājgarh,,India,27.23731,76.62243
Kumārapuram,,India,9.27078,76.43257
Margherita,,India,27.28482,95.66796
Kulasēkarapuram,,India,9.0912,76.53034
Sāmba,,India,32.56245,75.11993
Pirthīpur,,India,25.20837,78.75158
Vepagunta,,India,17.77844,83.21577
Vadipatti,,India,10.08481,77.96113
Shenkottai,,India,8.97741,77.24633
Edacchēri,,India,11.68178,75.6248
Banmankhi,,India,25.88857,87.19421
Srīnivāspur,,India,13.33914,78.21175
Palavakkam,,India,12.9535,80.2572
Chāndur,,India,19.73444,79.17167
Indāpur,,India,18.3,73.25
Varappuzha,,India,10.07589,76.27152
Kemrī,,India,28.80673,79.2048
Alattūr,,India,10.65,76.53333
Bela,,India,25.55707,84.43078
Krishnāpuram,,India,9.15212,76.52338
Kartārpur,,India,31.44268,75.49847
Māmidālapādu,,India,15.85409,78.01481
Karhal,,India,27.00089,78.93935
Lar,,India,26.20394,83.96906
Kūdligi,,India,14.905,76.38527
Alīganj,,India,27.49358,79.17127
Baloda Bāzār,,India,21.65678,82.16062
Manihāri,,India,25.33891,87.61998
Kottur,,India,10.53646,76.98034
Faizpur,,India,21.16766,75.86006
Manāsa,,India,24.47764,75.14095
Sankarapatti,,India,10.0477,78.74719
Songadh,,India,21.16966,73.56357
Pauri,,India,30.15286,78.7771
Shāhganj,,India,26.04965,82.68423
Dhrol,,India,22.567,70.41769
Pallippatti,,India,11.9399,78.40161
Barwāh,,India,22.25394,76.03853
Mauganj,,India,24.66721,81.87339
Bablāi,,India,30.35729,76.879
Nādbai,,India,27.22288,77.19569
Terdāl,,India,16.49379,75.04667
Kallidaikurichi,,India,8.68591,77.46592
Taloda,,India,21.56128,74.21238
Murugampālaiyam,,India,11.08063,77.32381
Mon,,India,26.73583,95.05841
Kheri,,India,27.90354,80.79754
Bilsi,,India,28.12941,78.9109
Basi,,India,30.58813,76.84498
Āyanchēri,,India,11.62609,75.67427
Anjad,,India,22.04171,75.05519
Kottūru,,India,14.82442,76.22005
Chinnalapatti,,India,10.28481,77.92332
Narasannapeta,,India,18.41428,84.04463
Ongallur-II,,India,10.78974,76.21898
Rāmpur,,India,29.8062,77.45251
Aklera,,India,24.41288,76.56719
Mirganj,,India,26.37345,84.33489
Kūdlu,,India,12.52979,74.97881
Tekkalakote,,India,15.53444,76.87703
Mungaoli,,India,24.40837,78.09588
Budhlāda,,India,29.92799,75.56205
Anuppānadi,,India,9.90396,78.14326
Reengus,,India,27.3636,75.56838
Sutrāpāra,,India,20.84352,70.48318
Kodoli,,India,17.67023,74.03469
Phulera,,India,26.87401,75.24171
Renigunta,,India,13.65143,79.51256
Basi,,India,26.8315,76.04856
Khoni,,India,19.31734,73.05973
Areraj,,India,26.5503,84.6801
Muttanampālaiyam,,India,11.08453,77.3969
Junnar,,India,19.20815,73.8752
Mehsi,,India,26.35574,85.09251
Edavai,,India,8.7645,76.68845
Mangaldai,,India,26.44212,92.03047
Naduvannūr,,India,11.48772,75.77511
Krishnarājpet,,India,12.66621,76.4877
Tirāwari,,India,29.80147,76.92825
Mannachanallur,,India,10.90988,78.69927
Periyanayakkanpalaiyam,,India,11.15255,76.95159
Kuttikkāttūr,,India,11.26258,75.8796
Kālol,,India,22.60777,73.46272
Jaynagar Majilpur,,India,22.1752,88.42008
Kailāras,,India,26.30498,77.616
Chīpurupalle,,India,18.31142,83.56846
Iringal,,India,11.55929,75.61663
Jamjodhpur,,India,21.90219,70.0357
Chumukedima,,India,25.82483,93.77592
Thodiyoor,,India,9.07797,76.57772
Jāmul,,India,21.25,81.4
Nalhāti,,India,24.29704,87.82899
Kāladi,,India,10.81942,76.0064
Muhamma,,India,9.60886,76.36083
Ponmundam,,India,10.95356,75.9468
Mulamthuruthy,,India,9.90032,76.38701
Gokarna,,India,14.55,74.31667
Ganguwa,,India,29.11343,75.69578
Koregaon,,India,18.64573,74.05909
Kāndla,,India,23.03333,70.21667
Erannoli,,India,11.76913,75.51766
Kārkala,,India,13.21428,74.99234
Dārwha,,India,20.31017,77.77257
Chhota Udepur,,India,22.30401,74.0158
Avanigadda,,India,16.02148,80.91808
Mussoorie,,India,30.45498,78.07068
Kuttippuram,,India,10.84246,76.03077
Jaleshwar,,India,21.80176,87.2225
Jais,,India,26.2649,81.54855
Kallam,,India,18.57506,76.02186
Pawāyan,,India,28.06626,80.10305
Irugūr,,India,11.01782,77.06285
Jevargi,,India,17.01394,76.77317
Mechcheri,,India,11.83412,77.94387
Silao,,India,25.08358,85.42804
Khajuraho Group of Monuments,,India,24.84809,79.93351
Silapathar,,India,27.59441,94.72402
Dākor,,India,22.75268,73.14967
Wadgaon,,India,16.83553,74.31338
Deori Khās,,India,23.39017,79.0163
Jandiāla,,India,31.1593,75.61755
Balakrishnapuram,,India,10.35909,78.00261
Panayāttur Vadakkumbhāgam,,India,8.95457,76.6185
Pāsighāt,,India,28.06631,95.32678
Kheda,,India,22.75218,72.68533
Nagar,,India,27.42397,77.09922
Viswanatham,,India,9.42952,77.80032
Kamalāpuram,,India,15.30442,76.47649
Poranki,,India,16.47771,80.70755
Parangipettai,,India,11.49117,79.76053
Andipalayam,,India,11.09246,77.31225
Adampur,,India,29.28026,75.46818
Kakkanad,,India,10.01636,76.34168
Indāpur,,India,18.11529,75.02885
Talikkulam,,India,10.44036,76.09483
Colonelganj,,India,27.13432,81.69868
Mehndāwal,,India,26.97579,83.10995
Koelwār,,India,25.58055,84.79751
Harūr,,India,12.05267,78.48023
Bannūr,,India,12.33295,76.86201
Mūl,,India,20.06987,79.67826
Kuttampuzha,,India,10.15033,76.73544
Karuva,,India,8.95003,76.59861
Dorāha,,India,30.79953,76.02355
Koothanallur,,India,10.7199,79.5157
Khātegaon,,India,22.59573,76.9133
Nīlēshwar,,India,12.25953,75.1352
Edaicode,,India,8.38251,77.19834
Kadakkavoor,,India,8.67921,76.76714
Haludbani,,India,22.75123,86.2099
Chāndor,,India,20.3306,74.24467
Sundarnagar,,India,31.53523,76.905
Amarpur,,India,25.03967,86.90247
Karungappalli,,India,9.10422,76.53701
Gadkhol,,India,21.64381,73.01211
Banganapalle,,India,15.31771,78.22669
Anūpshahr,,India,28.35748,78.26914
Jalālābad,,India,29.61853,77.43908
Chitaguppa,,India,17.69737,77.21525
Bābra,,India,21.84577,71.30544
Shamsābād,,India,27.5371,79.43796
Kithor,,India,28.86684,77.93861
Kallūr Vadakummuri,,India,10.25317,76.32815
Machhlīshahr,,India,25.68564,82.41106
Bagha Purana,,India,30.68809,75.09838
Bhānder,,India,25.73581,78.74555
Azhikkōd,,India,11.91985,75.33549
Uttiramerūr,,India,12.61433,79.75748
Dasūya,,India,31.81679,75.6531
Gursarāi,,India,25.61677,79.18053
Pāonta Sāhib,,India,30.43666,77.62462
Tirorā,,India,21.40409,79.92617
Rājgurunagar,,India,18.86667,73.9
Pottaneri Nallakavundanpatti,,India,11.80388,77.85673
Kamaruddinnagar,,India,28.67695,77.05372
Gauripur,,India,26.08334,89.96118
Rānia,,India,29.52454,74.83689
Mugalivakkam,,India,13.02054,80.16528
Thazhecode,,India,11.32258,75.97579
Saiha,,India,22.49183,92.98143
Chinna Salem,,India,11.63422,78.87412
Vayalār,,India,9.71158,76.33888
Ahraura,,India,25.01579,83.03294
Rampachodavaram,,India,17.44088,81.77558
Māngrol,,India,25.33061,76.50973
Shrīrangapattana,,India,12.42264,76.68439
Kantai,,India,26.21421,85.29749
Kharkhauda,,India,28.8787,76.91069
Kanigiri,,India,15.40555,79.50694
Chengannūr,,India,9.31575,76.61513
Sohāgpur,,India,22.70055,78.19522
Chandauli,,India,25.25803,83.26825
Paramathi Velur,,India,11.1916,77.9563
Velur,,India,11.10825,78.00113
Naubatpur,,India,25.49856,84.96084
Sāndi,,India,27.28867,79.9519
Kolasib,,India,24.22388,92.67869
Marayur,,India,10.27641,77.16205
Padam,,India,33.46659,76.88488
Shiraguppi,,India,16.61875,74.70907
Ābu,,India,24.59365,72.71756
Sadulshahar,,India,29.9087,74.17567
Borāwar,,India,27.02366,74.67579
Marutharōd,,India,10.7751,76.69948
Gajwel,,India,17.84816,78.68291
Devarshola,,India,11.54366,76.44037
Kunda,,India,25.71702,81.51396
Sakleshpur,,India,12.94119,75.78467
Perundurai,,India,11.27564,77.58794
Mundargi,,India,15.20677,75.8839
Māchhīwāra,,India,30.91557,76.20016
Nainpur,,India,22.42996,80.10561
Tarāna,,India,23.33383,76.04253
Keirao Bitra,,India,24.71105,93.97461
Kānth,,India,29.05939,78.62951
Charkhāri,,India,25.40304,79.74877
Kushtagi,,India,15.75623,76.19112
Churi,,India,23.65491,85.01281
Vellalūr,,India,10.97747,77.02601
Srīperumbūdūr,,India,12.96763,79.94197
Muthutala,,India,10.83544,76.15958
Mahwa,,India,27.04594,76.93152
Kandahār,,India,18.87312,77.19231
Avilala,,India,13.61106,79.4208
Fālna,,India,25.26743,73.23933
Ghoti Budrukh,,India,19.71641,73.62821
Safīpur,,India,26.73783,80.3435
Brāhmana Periya Agrahāram,,India,11.36904,77.70633
Thirunavaya,,India,10.87459,75.98546
Anklesvar INA,,India,21.61675,73.02759
Kalamnūri,,India,19.67386,77.31149
Kabrāi,,India,25.40281,79.9997
Ilaiyankudi,,India,9.62512,78.62434
Talwāra,,India,31.9376,75.88657
Fīrozpur Jhirka,,India,27.78853,76.94496
Tijāra,,India,27.93411,76.85541
Pūnāhāna,,India,27.86371,77.20432
Tattānkuttai,,India,11.43518,77.72369
Koregaon,,India,17.69915,74.16252
Phillaur,,India,31.01887,75.79111
Pākāla,,India,13.44903,79.11493
Hinjilicut,,India,19.48166,84.74489
Damua,,India,22.19291,78.46703
Ezhudesam,,India,8.26512,77.14212
Andol,,India,17.81458,78.07713
Shāmgarh,,India,24.18817,75.63903
Ratanpur,,India,22.2866,82.16823
Kodarma,,India,24.46753,85.59397
Keshorai Pātan,,India,25.29275,75.93948
Navalgund,,India,15.55877,75.35305
Bholav,,India,21.71974,73.01098
Williamnagar,,India,25.4955,90.6168
Bijbehara,,India,33.79378,75.107
Gorantla,,India,13.98411,77.77224
Dātāganj,,India,28.0253,79.40819
Tiruppuvanam,,India,9.82564,78.25795
Beohāri,,India,24.02423,81.37831
Pantheeramkavu,,India,11.23052,75.85178
Chharra,,India,27.9247,78.40102
Hudkeshwar Buzurg,,India,21.08235,79.12736
Pindwāra,,India,24.79749,73.05505
Singāpur,,India,17.46982,78.12574
Sahaspur,,India,29.12125,78.62273
Ugrākheri,,India,29.378,77.00934
Kānt,,India,27.81049,79.79185
Bhokardan,,India,20.2583,75.76997
Maheshwar,,India,22.17592,75.58715
Thiruthuraipoondi,,India,10.52819,79.63268
Meenambakkam,,India,12.98456,80.1747
Chiknāyakanhalli,,India,13.41609,76.62063
Mahārājgani,,India,26.11017,84.50365
Ayanavelikulangara Vadakku,,India,9.04298,76.52297
Kaithoon,,India,25.12407,75.97218
Denkanikota,,India,12.5301,77.78887
Chekkiād,,India,11.71733,75.6419
Mayāng Imphāl,,India,24.60998,93.88873
Haliyal,,India,15.32864,74.75638
Vilankurichi,,India,11.07147,77.01729
Rajākheri,,India,23.85931,78.7852
Sitārganj,,India,28.9293,79.70436
Nāndgaon,,India,20.3068,74.65501
Siuliban,,India,23.7486,86.78477
Dharampur,,India,20.53693,73.17368
Sikandarpur,,India,26.04327,84.05298
Muhammadābād,,India,26.03404,83.38114
Srīsailain,,India,16.07217,78.86816
Barki Saria,,India,24.17594,85.88938
Loha,,India,18.94484,77.11553
Mhaswad,,India,17.63359,74.78773
Alot,,India,23.76336,75.55662
Suryaraopeta,,India,16.99961,82.22317
Aluva,,India,10.10764,76.35158
Hastināpur,,India,29.16042,78.00762
Chettipālaiyam,,India,10.91248,77.03699
Sōmēshvara,,India,12.80351,74.86472
Pacode,,India,8.3352,77.21361
Pāppākurichchi,,India,10.81366,78.74813
Morinda,,India,30.79014,76.49883
Diu,,India,20.71405,70.98224
Nabīnagar,,India,24.60681,84.12624
Dīnānagar,,India,32.13664,75.47291
Māyābandar,,India,12.90954,92.90348
Kaikalapettai,,India,13.02194,80.12056
Bāzpur,,India,29.15299,79.10814
Karumāndi Chellipālaiyam,,India,11.30191,77.58603
Dalsingh Sarai,,India,25.66795,85.83636
Makronia,,India,23.84765,78.79903
Longowal,,India,30.19846,75.6819
Sāvantvādi,,India,15.90413,73.82191
Vīrakeralam,,India,11.00772,76.91262
Nāsriganj,,India,25.0514,84.32839
Pādiyanallūr,,India,13.20037,80.17606
Reoti,,India,25.85091,84.3778
Fatehganj West,,India,28.4662,79.30657
Sadalgi,,India,16.5587,74.53211
Nasrullāhganj,,India,22.6837,77.27069
Sarjamda,,India,22.74759,86.22573
Narakal,,India,10.03833,76.2221
Lalgudi,,India,10.87419,78.81935
Ulundurpet,,India,11.69099,79.2873
Lālganj,,India,25.93182,81.70478
Malakpur Kohi Rangpur,,India,28.54029,77.12075
Nivāri,,India,25.34911,78.79974
Vypīn,,India,9.96667,76.25
Muluppilagadu,,India,11.79788,75.45111
Alwaye,,India,10.10649,76.35484
Tisaiyanvilai,,India,8.33702,77.86776
Srīkandamangalam,,India,9.65941,76.36335
Kutiatodu,,India,9.8,76.33333
Pipri,,India,20.78613,78.5936
Natham,,India,10.22776,78.22969
Unnamalaikadai,,India,8.29957,77.24062
Penugonda,,India,16.65363,81.7455
Balod,,India,20.73081,81.20578
Mariāni,,India,26.65725,94.31529
Qadian,,India,31.82198,75.37663
Painkulam,,India,8.26023,77.17396
Prāntij,,India,23.43605,72.84479
Kulgam,,India,33.64456,75.01923
Chinnūr,,India,18.85779,79.7956
Katheru,,India,17.03795,81.77597
Mairwa,,India,26.23218,84.16349
Todaraisingh,,India,26.02401,75.48182
Pokaran,,India,26.92007,71.91631
Kūmher,,India,27.31657,77.37079
Sreekaryam,,India,8.54884,76.91716
Pānchla,,India,22.53665,88.13785
Mudkhed,,India,19.15657,77.50304
Shivpur Charcha,,India,23.32888,82.52809
Jhīnjhak,,India,26.56093,79.73423
Pethāpur,,India,23.26307,72.67386
Malpe,,India,13.34962,74.70394
Birūr,,India,13.59723,75.97167
Māndal,,India,25.44126,74.56979
Shīshgarh,,India,28.72928,79.31469
Kuchera,,India,26.98747,73.97108
Pattiyūrgrāmam,,India,9.17744,76.50115
Sevilimedu,,India,12.80826,79.68636
Pawni,,India,20.79229,79.63644
Mānesar,,India,28.35311,76.94036
Chhātāpur,,India,26.21965,87.00479
Tūnēri,,India,11.69699,75.63491
Urmar,,India,31.68137,75.63549
Lonar,,India,19.98533,76.52046
Pugalūr,,India,11.07401,78.02095
Rāmtek,,India,21.39562,79.32725
Monoharpur,,India,22.10833,88.07889
Injambakkam,,India,12.9162,80.2488
Mandāwa,,India,28.05541,75.14834
Mahārājpur,,India,25.01939,79.73189
Soygaon,,India,20.59606,75.61765
Kalānaur,,India,28.82823,76.3955
Chitrakoot Dham,,India,25.21473,80.91645
Ron,,India,15.69935,75.73408
Vengattūr,,India,13.09988,79.93207
Nāyanakulam,,India,9.96115,78.13715
Bewar,,India,27.21869,79.29761
Marampilly,,India,10.11383,76.44184
Od,,India,22.62104,73.11725
Tapa,,India,30.29794,75.36936
Vaikam,,India,9.74858,76.39637
Kērkandi,,India,11.36783,76.74576
Bissāu,,India,28.24737,75.07666
Colachel,,India,8.17938,77.25818
Sāhibganj,,India,26.30831,84.92695
Karmāla,,India,18.4077,75.19386
Tharangambadi,,India,11.02764,79.85425
Hinakallu,,India,12.33042,76.60213
Thiruvankulam,,India,9.94679,76.36662
Tiruverumbūr,,India,10.79366,78.76898
Kudachi,,India,16.62784,74.85408
Seondha,,India,26.15422,78.7812
Kurduvādi,,India,18.09339,75.41567
Mattigiri,,India,12.69795,77.80832
Lalganj,,India,25.799,82.99768
Polasara,,India,19.69386,84.81401
Iroopara,,India,8.60747,76.91494
Nakūr,,India,29.91964,77.30438
Narasingapuram,,India,11.60379,78.57782
Palwal Rural,,India,28.14555,77.35132
Pallikonda,,India,12.90518,78.9427
Asifābād,,India,19.35851,79.28415
Pīpri,,India,19.79371,75.53519
Indargarh,,India,25.9109,78.56193
Sivagiri,,India,9.34461,77.42911
Vadakkanandal,,India,11.7817,78.8354
Ancharakandy,,India,11.8841,75.48501
Trikarpūr South,,India,12.11649,75.18517
Hukeri,,India,16.23082,74.60244
Todabhim,,India,26.91667,76.81667
Dooru Verinag,,India,33.5594,75.23222
Pehlādpur Bāngar,,India,28.75058,77.081
Tiruchanur,,India,13.60727,79.44864
Kanhān,,India,21.22899,79.2398
Gopavaram,,India,14.78412,78.5729
Vattalkundu,,India,10.16069,77.75883
Dhamanagar,,India,20.9167,86.45
Saidpur,,India,25.53749,83.22378
Tittagudi,,India,11.40717,79.12216
Phulpur,,India,25.54895,82.0895
Kunnatnād,,India,10.04292,76.42406
Jharoda Mazra Burāri,,India,28.73014,77.20911
Karanjiā,,India,21.76259,85.97319
Sāngaria,,India,26.18872,73.02649
Balarāmpur,,India,23.09714,86.22292
Aramboli,,India,8.24962,77.52161
Ubaidullāhganj,,India,22.99834,77.58621
Chitarpur,,India,23.57283,85.65355
Naraingarh,,India,30.47798,77.12804
Sāmbhar,,India,26.90806,75.19137
Vellūr,,India,8.62617,76.83053
Fatehnagar,,India,24.81494,74.09504
Raghunathpur,,India,23.53878,86.6735
Pariyāpuram,,India,11.01667,75.86667
Kasrāwad,,India,22.12745,75.61101
Lāthi,,India,21.7231,71.38843
Dugda,,India,23.74516,86.17175
Khirkiya,,India,22.16732,76.86137
Mudgal,,India,16.01191,76.44203
Curchorem,,India,15.26349,74.10875
Chorwād,,India,21.02947,70.23302
Madhira,,India,16.92329,80.36308
Kādiganpalli,,India,12.52318,78.2086
Akaltara,,India,22.02463,82.42641
Etmadpur,,India,27.23541,78.19829
Katghora,,India,22.50247,82.54279
Lohāra,,India,20.38983,78.09027
Ponda,,India,15.40341,74.01519
Cumbum,,India,15.58171,79.11059
Mātābhānga,,India,26.34197,89.21555
Jaitāran,,India,26.20446,73.93676
Tāoru,,India,28.21173,76.94984
Lehragaga,,India,29.94265,75.80144
Jāmai,,India,22.19644,78.59191
Sholavandan,,India,10.0216,77.96087
Nāgod,,India,24.56924,80.58809
Khairāgarh,,India,21.41859,80.97942
Kurikuppi,,India,15.21758,76.64873
Ariyallur,,India,11.08328,75.84904
Pukhrāyān,,India,26.22375,79.83739
Rāman,,India,29.95045,74.97852
Sirsi,,India,28.63916,78.64303
Bankāpur,,India,14.92295,75.26221
Godoli,,India,17.67178,74.01289
Baswa,,India,27.14955,76.58345
Rājmahal,,India,25.05303,87.83048
Nambol,,India,24.69557,93.81974
Bikram,,India,25.44708,84.86261
Tulsīpur,,India,27.5337,82.41653
Belūr,,India,13.16558,75.86519
Sānehwāl,,India,30.84134,75.98547
Sisauli,,India,30.14297,77.25959
Kanniyākumāri,,India,8.09008,77.53841
Senapparetti,,India,10.96251,78.11324
Naraura,,India,28.20147,78.38723
Kailāshahar,,India,24.33199,92.00391
Triparappu,,India,8.39479,77.26588
Deogarh,,India,21.53827,84.73337
Rātu,,India,23.42045,85.21459
Puthencruz,,India,9.97734,76.41047
Kurandvād,,India,16.68317,74.58892
Timurni,,India,22.37115,77.2274
Pachgaon,,India,16.66024,74.22735
Rahata,,India,19.71664,74.48109
Pāli,,India,23.36453,81.04374
Bhawānīgarh,,India,30.26685,76.03854
Suket,,India,24.64609,76.0417
Panniyannūr,,India,11.74859,75.57558
Ādanāttutekkumuri Kizhakku,,India,9.07909,76.51367
Ankola,,India,14.66049,74.3047
Mariāhu,,India,25.60404,82.60379
Kilapavoor,,India,8.90862,77.43112
Rāmavarappādu,,India,16.52086,80.68078
Purwā,,India,26.45756,80.77403
Attimarappatti,,India,8.73988,78.10534
Dasnapur,,India,19.65399,78.51213
Badāmibāgh,,India,34.07381,74.85276
Lingiādīh,,India,22.07748,82.17605
Sahāwar,,India,27.79603,78.83373
Bhuban,,India,20.88197,85.83334
Nilakottai,,India,10.165,77.85024
Sidhaulī,,India,27.28202,80.8345
Palavansathu,,India,12.89306,79.13445
Adra,,India,23.49668,86.68363
Muhammadābād,,India,27.30895,79.43252
Sarapāka,,India,17.69129,80.86998
Bhānvad,,India,21.93053,69.78081
Someshwar,,India,13.49112,75.06646
Nārāinpur,,India,19.71794,81.24437
Nāmagiripettai,,India,11.45513,78.26818
Nāwa,,India,27.0195,75.00226
Peravurani,,India,10.29035,79.20156
Kathhāra,,India,23.76382,85.88468
Kathlāl,,India,22.8982,72.99282
Siwāna,,India,25.65154,72.42243
Deoli,,India,25.75728,75.37991
Kizhuparamba,,India,11.25261,76.02437
Palai,,India,9.71306,76.68331
Chhanerā,,India,21.96097,76.69494
Marakkanam,,India,12.19214,79.94193
Chhatrapur,,India,19.35574,84.98359
Bhinga,,India,27.70283,81.9343
Lauri,,India,25.13962,80.00112
Nalambūr,,India,13.08667,80.17028
Kuppam,,India,12.74931,78.34189
Fatehābād,,India,27.02645,78.3027
Kīl Bhuvanagiri,,India,11.44216,79.64763
Saktī,,India,22.02662,82.96091
Karuvanthuruthy,,India,11.17207,75.8226
Kollivāyal,,India,11.49984,76.48152
Sancoale,,India,15.37794,73.90352
Polichalur,,India,12.98913,80.14177
Bhābhar,,India,24.07165,71.59745
Nowrozabad,,India,23.35219,80.9806
Laungowāl,,India,30.19393,75.68089
Chāchaura,,India,24.17583,76.99957
Ghulewadi,,India,19.6031,74.19356
Chandrakona,,India,22.73333,87.51667
Sangod,,India,24.92707,76.28649
Kherālu,,India,23.88534,72.61869
Farakka,,India,24.81667,87.9
Mulavukad,,India,10.0136,76.26306
Mangalvedha,,India,17.51046,75.44713
Māniyūr,,India,11.55221,75.65026
Kantābānji,,India,20.46709,82.92042
Chalthan,,India,21.15421,72.96141
Jainagar,,India,26.59048,86.13791
Kopawor,,India,34.52856,74.26396
Sakri,,India,20.99104,74.31475
Dattāpur,,India,20.78075,78.1407
Umarsera,,India,20.37139,78.12343
Napāsar,,India,27.96059,73.55913
Shendurjana,,India,21.52488,78.2835
Pātūr,,India,20.46093,76.93725
Digboi,,India,27.39321,95.61839
Jirapur,,India,24.0214,76.3764
Kalleribhāgam,,India,9.05396,76.55802
Muthupet,,India,10.39505,79.49353
Dum Duma,,India,27.56884,95.55664
Pāmpur,,India,34.01515,74.91895
Munderi,,India,11.93028,75.44546
Sūrajgarh,,India,28.31005,75.73271
Kadayal,,India,8.40834,77.26575
Kundli,,India,28.86913,77.12061
Bālāchor,,India,31.06062,76.30166
Pushkar,,India,26.49022,74.55211
Doda,,India,33.14916,75.54746
Karanpur,,India,29.84042,73.45519
Samthar,,India,25.84348,78.90683
Banat,,India,29.46355,77.35478
Dhekiajuli,,India,26.70367,92.47808
Māndalgarh,,India,25.19407,75.07215
Barāra,,India,30.21465,77.04025
Tammampatti,,India,11.44126,78.4887
Chamba,,India,32.55531,76.12647
Murādābād Pahāri,,India,28.56456,77.15126
Mahādula,,India,21.25257,79.08106
Bānsdīh,,India,25.88377,84.21827
Srisailam Project RFC Township,,India,16.07331,78.87412
Bacheli,,India,18.68435,81.26861
Āsika,,India,19.61114,84.65998
Guruvāyūr,,India,10.5943,76.0411
Lālru,,India,30.4917,76.79869
Virugambakkam,,India,13.04632,80.19131
Chotila,,India,22.42347,71.19641
Vāsudevanallūr,,India,9.24171,77.41177
Kuju,,India,23.72536,85.51023
Padmanābhapuram,,India,8.24462,77.32581
Mandāwar,,India,29.48655,78.12732
Paippad,,India,9.42462,76.58481
Kondasamudram,,India,12.94552,78.87878
Mahgawān,,India,26.49471,78.61593
Bedi,,India,22.50143,70.04363
Tekāri,,India,24.94253,84.84265
Dindori,,India,22.94141,81.07975
Channagiri,,India,14.02399,75.92577
Kuzhithurai,,India,8.31792,77.19192
Kodamthuruth,,India,9.80062,76.30153
Ghātanji,,India,20.14183,78.31333
Naduvattam,,India,10.87995,76.002
Chhāta,,India,27.72374,77.5081
Sanaur,,India,30.30182,76.45786
Reethapuram,,India,8.1843,77.24805
Kottappally,,India,11.61266,75.66136
Serchhīp,,India,23.29312,92.84679
Pudupattanam,,India,12.50855,80.14976
Telhāra,,India,21.02694,76.83889
Narkher,,India,21.47231,78.53415
Ajnāla,,India,31.84473,74.76295
Anthiyur,,India,11.57506,77.59043
Bisālgarh,,India,23.67595,91.28325
Dhulagari,,India,22.58213,88.171
Talala,,India,21.05473,70.52903
Būndu,,India,23.16095,85.59007
Teliamura,,India,23.84174,91.6303
Devgadh Bāriya,,India,22.70517,73.90882
Patharia,,India,23.89921,79.19393
Kiraoli,,India,27.13768,77.78516
Patnāgarh,,India,20.70833,83.13263
Bhānpura,,India,24.513,75.7469
Perinjanam,,India,10.31328,76.14847
Anklav,,India,22.37738,73.00072
Abrama,,India,20.85865,72.90648
Bagulā,,India,23.33664,88.64109
Gunnaur,,India,28.23995,78.43994
Pālakkodu,,India,12.30696,78.07022
Sindi,,India,20.74238,78.5871
Chelora,,India,11.89494,75.43959
Rajpur,,India,21.94022,75.13608
Nāravārikuppam,,India,13.19133,80.18473
Marthandam,,India,8.30812,77.22144
Vinnamāla,,India,13.90738,79.90855
Sarauli,,India,28.49404,79.09177
Adampur,,India,31.43224,75.71484
Badnāwar,,India,23.02181,75.23268
Banga,,India,31.18874,75.99495
Heli Mandi,,India,28.34494,76.75694
Chincholi,,India,17.46508,77.41874
Hungund,,India,16.06213,76.0586
Thaikkattussery,,India,9.77147,76.34385
Bangawan,,India,23.19259,82.1272
Kapasan,,India,24.8894,74.31667
Sālamedu,,India,11.90876,79.49188
Barpāli,,India,21.19005,83.58721
Gormi,,India,26.60029,78.51188
Begūn,,India,24.98333,75.0
Lawngtlai,,India,22.53254,92.89902
Nandri,,India,26.31157,73.10087
Dhing,,India,26.46793,92.47336
Vadakarai Kīl Pidāgai,,India,9.04008,77.27413
Clement Town,,India,30.26361,78.00862
Sonepur,,India,20.83333,83.91667
Kaikalūr,,India,16.55154,81.214
Akhnūr,,India,32.8955,74.73486
Alībāg,,India,18.64813,72.87579
Kāpren,,India,25.40529,76.07431
Muthukulam,,India,9.2168,76.4592
Bhadauni,,India,24.87544,85.53369
Alīpur,,India,28.79862,77.13314
Achampet,,India,16.3982,78.63758
Ghorabandha,,India,22.7724,86.27109
Koduvayur,,India,10.68674,76.65879
Sāmalāpuram,,India,11.07238,77.19796
Chākia,,India,26.41598,85.04665
Jining,,India,28.21633,94.85389
Bhanjanagar,,India,19.92719,84.58201
Vadāli,,India,23.94232,73.03784
koppana Agrahara,,India,12.85507,77.66707
Madattukkulam,,India,10.55869,77.36597
Gurmatkāl,,India,16.86773,77.39088
Dhāriwāl,,India,31.95616,75.32386
Patuvilāyi,,India,11.86561,75.52327
Dayal Pur,,India,28.71753,77.26508
Talwandi Sābo,,India,29.98379,75.08203
Jahāzpur,,India,25.61994,75.27609
Sāvda,,India,21.15054,75.88938
Vadakakarai,,India,10.1664,76.20179
Viratnagar,,India,27.43538,76.18297
Belsand,,India,26.44365,85.40076
Sāmpla,,India,28.77718,76.77165
Vasind,,India,19.40844,73.26285
Kishtwār,,India,33.31346,75.76726
Achhnera,,India,27.17826,77.75674
Attibele,,India,12.77809,77.77259
Bhikkiwind Uttār,,India,31.34943,74.70271
Chillupār,,India,26.28221,83.5064
Tilpat,,India,28.46513,77.33285
Bijāwar,,India,24.62351,79.48994
Nellimarla,,India,18.15619,83.44727
Maham,,India,28.96912,76.29495
Maniar,,India,25.98546,84.17233
Yellāpur,,India,14.9637,74.70929
Keevallur,,India,11.89703,75.53099
Nangli,,India,31.68633,74.88747
Baud,,India,20.83773,84.32618
Nīmāj,,India,26.14995,74.00094
Korochi,,India,16.71917,74.4451
Tufānganj,,India,26.31688,89.66549
Pataudi,,India,28.32547,76.77858
Dhārūr,,India,18.82017,76.10937
Pariyāram,,India,12.05876,75.32476
French Rocks,,India,12.50094,76.67416
Ahīwāra,,India,21.35799,81.41794
Bāda,,India,26.06479,75.02155
Sarwar,,India,26.24252,75.12875
Edavilangu,,India,10.24026,76.171
Jhālu,,India,29.33609,78.22608
Killannur,,India,10.59918,76.21801
Mundra,,India,22.83918,69.7219
Byndoor,,India,13.86667,74.63333
Chāpar,,India,26.27266,90.44556
Kondalampatti,,India,11.63453,78.12369
Bawāni Khera,,India,28.94919,76.03108
Basi,,India,30.6885,76.40111
Ālampālaiyam,,India,11.36353,77.76773
Umbri,,India,20.71373,77.02639
Wellington,,India,11.36552,76.78442
Hārij,,India,23.69356,71.907
Raipur Domana,,India,32.79844,74.78265
Settūr,,India,9.40564,77.47841
Penukonda,,India,14.08286,77.59473
Waluj Buzurg,,India,19.79632,75.22648
Kotivakkam,,India,12.97016,80.25769
Srīnagar,,India,30.22243,78.78341
Kataiya,,India,26.56807,84.0833
Nirmāli,,India,26.31397,86.58537
Surajpur,,India,23.21347,82.86836
Puliyankannu,,India,12.93922,79.30787
Morwa,,India,22.90469,73.83912
Pāttyam,,India,11.79296,75.5641
Kaimori,,India,23.38465,79.7442
Mau,,India,26.26584,78.67108
Pudussery West,,India,10.78802,76.72788
Mau Aimma,,India,25.69515,81.92336
Chinnavādampatti,,India,11.06149,76.98377
Fālākāta,,India,26.51963,89.20423
Sūleswaranpatti,,India,10.63885,77.00843
Dhaurahra,,India,27.99814,81.08975
Khairāgarh,,India,26.94352,77.81816
Maksi,,India,23.25999,76.14567
Annur,,India,11.23616,77.10514
Pulwama,,India,33.87405,74.89955
Sirumugai,,India,11.32137,77.00521
Singānuram,,India,18.82218,79.50171
Dergaon,,India,26.7,93.96667
Cheppad,,India,9.23458,76.47326
Khowai,,India,24.07964,91.59972
Govardhan,,India,27.49658,77.46263
Saraipali,,India,21.3153,83.00629
Paravai,,India,9.96453,78.0667
Khalāri,,India,23.65063,85.00744
Rāya,,India,27.55607,77.78972
Powai,,India,19.1164,72.90471
Pāmūru,,India,15.09633,79.41174
Sawar,,India,25.75574,75.22292
Belonia,,India,23.25178,91.45407
Takhatpur,,India,22.12915,81.86959
Sullya,,India,12.561,75.38741
Bhusawar,,India,27.03895,77.04849
Chunchupally,,India,17.52333,80.60405
Charthāwal,,India,29.54687,77.59438
Siswā Bāzār,,India,27.14652,83.75803
Bīrpur,,India,26.50823,87.01194
Kandalloor,,India,9.1756,76.47129
Dhanaula,,India,30.28216,75.57341
L.A.Sagaram,,India,13.90341,79.89055
Sarigam INA,,India,20.28845,72.85029
Kanjiramkulam,,India,8.35983,77.05253
Anūppur,,India,23.10344,81.69083
Moirāng,,India,24.4975,93.77791
Nattappettai,,India,12.81871,79.74925
Bāli,,India,25.19725,73.29117
Bokajān,,India,26.02131,93.77945
Rānikhet,,India,29.64082,79.43229
Sirka,,India,23.64561,85.43333
Boriavi,,India,22.61124,72.93283
Aurād,,India,18.25397,77.41761
Sankaraperi,,India,8.83868,78.10513
Kulu,,India,31.95835,77.10823
Kalinjur,,India,12.9534,79.13373
Chetput,,India,12.46399,79.3484
Kolavallúr,,India,11.7507,75.61988
Sonāri,,India,27.02462,95.01629
Deoraniān,,India,28.62989,79.47648
Kolāras,,India,25.21928,77.61167
Chinna Āndānkovil,,India,10.9511,78.0681
Raval,,India,21.91908,69.48179
Chāndūr,,India,20.81408,77.98015
Kannānkurichchi,,India,11.69691,78.17941
Kattanam,,India,9.17614,76.56325
Ghatkesar,,India,17.45081,78.68366
Borgaon,,India,20.72272,78.60392
Sendamangalam,,India,11.28111,78.23416
Chhāpar,,India,27.819,74.43936
Udangudi,,India,8.42918,78.02968
Tirumeshi,,India,13.05339,80.05998
Kerūr,,India,16.01384,75.54631
Verukulambu,,India,8.29531,77.29387
Shāhpur,,India,21.23742,76.22558
Jhinjhāna,,India,29.52118,77.2247
Kumbhrāj,,India,24.37338,77.04841
Bareja,,India,22.84863,72.59137
Vadakku Viravanallur,,India,8.69786,77.51916
Mokēri,,India,11.77759,75.57309
Samrāla,,India,30.83601,76.19324
Jūnāgarh,,India,19.85993,82.93385
Nalco,,India,20.86544,85.18283
Badi,,India,23.03667,78.08417
Charipara,,India,23.80914,91.24805
Resubelpara,,India,25.90404,90.60747
Jharoda Kalān,,India,28.65264,76.95208
Kalmeshwar,,India,21.23219,78.91988
Lāwar Khās,,India,29.11091,77.77767
Srīrāmnagar,,India,17.26652,78.25544
Mulakumūd,,India,8.26809,77.28599
Pattan,,India,34.16125,74.55634
Bāgbahra,,India,21.04606,82.3864
Vīsāvadar,,India,21.33954,70.74966
Pināhat,,India,26.88487,78.37647
Pennādam,,India,11.40389,79.24156
Nainwa,,India,25.77145,75.84978
Rameswaram,,India,14.74006,78.54259
Jānsath,,India,29.32502,77.85044
Santrampur,,India,23.19019,73.89526
Richha,,India,28.69467,79.52284
Bhāyāvadar,,India,21.85523,70.24791
Aistala,,India,23.18,88.58
Methukummal,,India,8.30746,77.15205
Gannavaram,,India,16.54092,80.80213
Amarpātan,,India,24.31371,80.97703
Sojītra,,India,22.53884,72.71984
Singur,,India,22.80917,88.22944
Singarāyakonda,,India,15.23046,80.02794
Punnayūr,,India,10.65207,75.99512
Konnūr,,India,16.20138,74.74886
Narwar,,India,25.6439,77.9129
Weir,,India,27.0186,77.17636
Wazīrganj,,India,28.21145,79.05665
Kakdwip,,India,21.87914,88.1913
Tamenglong,,India,25.0164,93.48545
Jalochi,,India,18.15662,74.60708
Kaimur,,India,24.05441,80.6136
Maholi,,India,27.66368,80.47371
Bilhaur,,India,26.84345,80.06388
Mangalam,,India,13.65754,79.46258
Raja Pur Khurd,,India,28.63517,77.03303
Khānāpur,,India,15.63969,74.50847
Tiruppālai,,India,9.97792,78.13294
Burhar,,India,23.21494,81.53204
Nimāparha,,India,20.05756,86.00436
Deoli,,India,20.6492,78.48023
Devadanapatti,,India,10.14673,77.6439
Hamīrpur,,India,31.68411,76.52506
Laksar,,India,29.7587,78.04148
Vakkam,,India,8.68447,76.76755
Ezhome,,India,12.02999,75.28193
Ammainaickanur,,India,10.16707,77.91318
Kesinga,,India,20.18778,83.21949
Chhaprauli,,India,29.20989,77.17454
Sardulgarh,,India,29.69224,75.23608
Maduraivayal,,India,13.06306,80.17194
Hirekerūr,,India,14.45506,75.3952
Kōttayam,,India,11.82519,75.54779
Shehera,,India,22.95084,73.63118
Suriānwān,,India,25.46387,82.41922
Rijokri,,India,28.51387,77.1151
Kadikkād,,India,10.67052,75.97975
Biswanath Chariali,,India,26.72577,93.14659
Siwāni,,India,28.90909,75.61469
Honnavar,,India,14.28088,74.44497
Jalladiampet,,India,12.92028,80.20806
Torūr,,India,17.5835,79.65857
Mir Pur Turk,,India,28.70493,77.26424
Bhitarwār,,India,25.79216,78.11085
Kallukuttam,,India,8.18868,77.28781
Chautāpal,,India,17.25799,78.89776
Arang,,India,21.19639,81.96912
Dharmkot,,India,30.94559,75.23239
Kirandul,,India,18.63649,81.25827
Kothakota,,India,16.38002,77.94004
Katangi,,India,23.44124,79.79621
Āmlāgora,,India,22.84616,87.33559
Karthikappally,,India,9.2568,76.44871
Anshing,,India,20.0409,77.31501
Parīchhatgarh,,India,28.97841,77.93422
Tiruvattār,,India,8.33069,77.26732
Kesariyā,,India,26.34992,84.87086
Bhor,,India,18.14861,73.84336
Kadachira,,India,11.83695,75.44904
Kulpahār,,India,25.32007,79.63931
Khariar Road,,India,20.89872,82.50893
Punjai Puliyampatti,,India,11.35163,77.16671
Kunnimangalam,,India,12.07354,75.2412
Kharsia,,India,21.98953,83.10476
Nahorkatiya,,India,27.286,95.328
Khilchipur,,India,24.03943,76.578
Mulgund,,India,15.2807,75.52132
Kansāpur,,India,30.14546,77.26633
Somandepalle,,India,14.00774,77.60846
Sriramnagar,,India,18.28329,83.53422
Gummidipundi,,India,13.40765,80.10879
Koāth,,India,25.32643,84.25983
Martūru,,India,10.17171,76.42641
Manchar,,India,19.00436,73.94346
Shāhpur,,India,29.3501,77.5516
Mārahra,,India,27.7368,78.56891
Mundgod,,India,14.97144,75.03658
Bhati,,India,28.42953,77.22569
Chicholi,,India,21.46926,79.70151
Mālvan,,India,16.05981,73.4629
Pahāsu,,India,28.1722,78.06376
Lateri,,India,24.06091,77.41044
Tādikombu,,India,10.43904,77.95459
Chhipa Barod,,India,24.62361,76.70783
Akbarpur,,India,26.38371,79.94926
Maithon,,India,23.78,86.81
Chhiri,,India,20.37782,72.9411
Mallasamudram,,India,11.49333,78.03119
Rānīpur,,India,25.25034,79.06204
Gadhra,,India,22.74668,86.24546
Solsumba,,India,20.15749,72.78913
Chāndūr Bāzār,,India,21.23853,77.74713
Sompeta,,India,18.94419,84.58449
Gangāpur,,India,25.21954,74.26028
Chanod,,India,20.34673,72.92825
Banūr,,India,30.55407,76.71948
Paranda,,India,18.26321,75.46316
Shādīpur Julāna,,India,29.12368,76.40516
Rakkiyapālaiyam,,India,11.10607,76.94253
Kammivapettai,,India,11.753,79.74567
Amod,,India,21.99317,72.87047
Rangāpāra,,India,26.83772,92.66876
Nanauta,,India,29.71215,77.41728
Raybag,,India,16.49178,74.77391
Kundgol,,India,15.25612,75.24735
Murbād,,India,19.25395,73.38993
Lonand,,India,18.04041,74.18719
Tiruvankod,,India,8.24521,77.301
Una,,India,31.46493,76.26914
Pālda,,India,22.68004,75.89391
Haldaur,,India,29.28988,78.28437
Srirāmpur,,India,22.94849,88.01954
Māndvi,,India,21.25526,73.30412
Valabhīpur,,India,21.88868,71.87935
Kardhān,,India,30.31768,76.86596
Kalāyat,,India,29.67665,76.25561
Kurumathur,,India,12.03973,75.41136
Kim,,India,21.40081,72.92682
Mamsapuram,,India,9.49959,77.58786
Mangattidam,,India,11.84326,75.54368
Silvāni,,India,23.3026,78.44076
Tyāgadurgam,,India,11.74114,79.07698
Khārupatia,,India,26.51839,92.14722
Palappallam,,India,8.20946,77.24761
Pālaiyampatti,,India,9.53921,78.09843
Nadim Tiruvuru,,India,17.11209,80.6088
Jadugora,,India,22.65361,86.35595
Bhadaur,,India,30.47651,75.33049
Bhoom,,India,18.45908,75.65877
Durgāpur,,India,20.0054,79.30273
Chandili,,India,19.24665,83.40577
Phalauda,,India,29.18824,77.82996
Bānk,,India,22.70296,75.8039
Harpālpur,,India,25.28773,79.33279
Rāmpura,,India,24.467,75.43996
Jogipet,,India,17.83564,78.06811
Alang,,India,21.39878,72.17544
Barkā Kānā,,India,23.62118,85.46748
Deshnoke,,India,27.79836,73.34297
Ūttangarai,,India,12.26713,78.53783
Chicholi,,India,21.26644,79.11559
Mukandgarh,,India,27.95208,75.22431
Sāvli,,India,22.56188,73.22317
Tondi,,India,9.74173,79.01774
Kannapuram,,India,11.98434,75.30414
Pottanūr,,India,11.10983,77.98883
Padampur,,India,29.70885,73.62539
Gubbi,,India,13.31216,76.94102
Unchahra,,India,24.38251,80.78088
Baroda,,India,25.5,76.65
Khali Kachigam,,India,20.38333,72.86667
Nāmrup,,India,27.19395,95.31929
Neral,,India,19.02475,73.31688
Sirgittī,,India,22.04713,82.14871
Mandapam,,India,9.27571,79.12362
Along,,India,28.16951,94.8006
Kotā,,India,22.29507,82.02366
Moram,,India,17.78812,76.47077
Kādīpur,,India,28.77404,77.16308
Chhoti Sādri,,India,24.38145,74.7012
Vāzhakulam,,India,10.0938,76.4198
Fort Gloster,,India,22.50444,88.18333
Seppa,,India,27.36173,93.03991
Majhiāon Kalān,,India,24.32431,83.81613
Thākurganj,,India,26.42742,88.13112
Naldurg,,India,17.81667,76.28182
Thāsra,,India,22.79831,73.21174
Bada Malhera,,India,24.56412,79.30712
Kākori,,India,26.868,80.7857
Alangāyam,,India,12.62235,78.75207
Cheranmahadevi,,India,8.67547,77.56957
Chetput,,India,13.07,80.24083
Rāmjībanpur,,India,22.82815,87.60888
Hutagalli,,India,12.34172,76.58629
Howli,,India,26.42237,90.98004
Daboh,,India,26.00239,78.87658
Talod,,India,23.3514,72.94999
Palugal,,India,8.35362,77.1859
Inam Maniyachi,,India,9.17056,77.85115
Ghogardīha,,India,26.27986,86.47001
Vengikkal,,India,12.26416,79.06745
Udaipura,,India,23.07434,78.51108
Behat,,India,30.1718,77.6139
Trikarpūr North,,India,12.14579,75.17475
Khetri,,India,28.00069,75.78644
Kheri Nāngal,,India,29.35436,76.97737
Pasthal,,India,19.82018,72.72959
Kariapatti,,India,9.67505,78.09992
Gairtganj,,India,23.41022,78.22082
Tezu,,India,27.91256,96.12882
Jalālī,,India,27.8668,78.25267
Gaurela,,India,22.75449,81.90107
Singampunari,,India,10.1862,78.415
Moonak,,India,29.82529,75.89055
Palayad,,India,11.55051,75.62887
Vettaikkaranpudur,,India,10.56207,76.91305
Pichor,,India,25.17555,78.18863
Bakarwāla,,India,28.6678,77.02011
Koipādi,,India,12.59302,74.96262
Māchai,,India,15.79261,74.48414
Eruvādi,,India,8.44393,77.60441
Namminikara,,India,10.43216,76.25418
Thara,,India,23.97345,71.81922
Jhalidā,,India,23.36545,85.97643
Aurangabad Cantonment,,India,19.87609,75.29161
Fatehgarh Chūriān,,India,31.86431,74.95665
Kunnummal,,India,11.68325,75.71078
Kattur,,India,10.37315,76.16678
Vadamadurai,,India,10.44081,78.09784
Tirumala,,India,13.68333,79.35
Bhogpur,,India,31.55442,75.64271
Patiriyat,,India,11.84896,75.51473
Satyāmangala,,India,13.01927,76.12434
Bhattiprolu,,India,16.1026,80.78074
Barjala,,India,23.6182,91.35596
Nalloor,,India,8.30638,77.22398
Mahīshādal,,India,22.18616,87.98072
Sir Muttra,,India,26.51501,77.37212
Dumjor,,India,22.61993,88.24566
Jadcherla,,India,16.77381,78.13666
Noāmundi,,India,22.16094,85.50416
Barwala,,India,22.21983,72.06755
Narauli,,India,28.48547,78.71484
Arukutti,,India,9.86667,76.35
Murudeshwara,,India,14.0943,74.4845
Nīlokheri,,India,29.83671,76.93191
Nāteputa,,India,17.89895,74.75222
Honnāli,,India,14.23976,75.64507
Titabor Town,,India,26.59185,94.19445
Samdari,,India,25.81299,72.57879
Saiyad-ul-ajaib,,India,28.51923,77.20352
Pudunagaram,,India,10.68018,76.68363
Bayad,,India,23.2234,73.21491
Kanjari,,India,22.61243,72.92107
Vadlapūdi,,India,14.31119,79.8043
Bhindār,,India,24.50235,74.18551
Piranvādi,,India,15.80202,74.48012
V.S.K.Valasai (Dindigul-Dist.),,India,10.31549,78.15141
Handiā,,India,25.36379,82.18655
Avalēpalli,,India,12.77137,77.85941
Narasimhanaickenpalayam,,India,11.11732,76.93631
Adiyanuthu,,India,10.33075,77.98118
Sarāi Mīr,,India,26.02705,82.91843
Trāl,,India,33.92708,75.11585
Akalkuva,,India,21.5543,74.01922
Bhīkhi,,India,30.05918,75.535
Sīlappādi,,India,10.39397,78.00781
Kulattuppālaiyam,,India,10.76133,77.58425
Rāmachettipālaiyam,,India,10.95818,76.92013
Bilgi,,India,16.34714,75.61804
Nāgamangala,,India,12.81939,76.75456
Shāhpur,,India,25.60293,84.40412
Dāmnagar,,India,21.69232,71.51747
Manalur,,India,10.49285,76.10267
Ambaji,,India,24.33174,72.84564
Kannod,,India,22.66764,76.74286
Jagiroad,,India,26.12017,92.19772
Patdi,,India,23.19602,71.79171
Mahudha,,India,22.82082,72.94032
Chettināyakkanpatti,,India,10.39399,77.9754
Gotan,,India,26.65551,73.7371
Mangalam,,India,11.10052,77.27124
Peddanāyakkanpālaiyam,,India,11.65104,78.50872
Bhuwāna,,India,24.62143,73.70818
Kothanallur,,India,8.27911,77.30958
Bālugān,,India,19.73333,85.21667
Kherli,,India,27.27359,76.98613
Rahimatpur,,India,17.5921,74.19966
Nangavaram,,India,10.86924,78.53924
Padmapur,,India,21.0,83.06667
Pipili,,India,20.11357,85.83147
Koratti,,India,10.26597,76.34767
Vittal,,India,12.76325,75.09896
Shirhatti,,India,15.23352,75.57996
Devgarh,,India,25.52533,73.90812
Bargi,,India,22.99138,79.8755
Jarwal,,India,27.1629,81.54179
Nichlaul,,India,27.31247,83.7253
Kānke,,India,23.43478,85.32059
Vazhapadi,,India,11.65541,78.40117
Achhībal,,India,33.68409,75.21835
Papanasam,,India,10.92687,79.27056
Kodoli,,India,16.87639,74.1909
Raipur,,India,26.04259,74.02373
Tājpur,,India,29.16242,78.48458
Bānki,,India,20.37912,85.52953
Settiyārpatti,,India,9.3935,77.49348
North Guwāhāti,,India,26.19749,91.7202
Madhuban,,India,26.43864,85.13573
Bānapur,,India,19.77889,85.17033
Jatāra,,India,25.00964,79.04869
Palera,,India,25.02013,79.22818
Indri,,India,29.87999,77.05972
Bodrī,,India,22.02346,82.11357
Kallūr Tekkumuri,,India,10.24009,76.32359
Pennāgaram,,India,12.13433,77.89525
Dharmapuram,,India,8.12027,77.38904
Depālpur,,India,22.85095,75.54224
Mūndwa,,India,27.0631,73.82304
Auhammadpur Mājri,,India,28.72922,77.03827
Tādigadapa,,India,16.47129,80.69695
Calangute,,India,15.5439,73.7553
Sarāi Ākil,,India,25.3789,81.51035
Nīsang,,India,29.69229,76.75464
Panoor,,India,11.75938,75.57835
Amet,,India,25.30609,73.9258
Bareta,,India,29.86352,75.69644
Kavisuryanagar,,India,19.58148,84.76006
Puthūr,,India,10.4874,76.27929
Hāt Piplia,,India,22.76948,76.29992
Bhundsi,,India,28.35051,77.06144
Naregal,,India,15.57316,75.80805
Bermo,,India,23.78781,85.93526
Khongapani,,India,23.1912,82.16265
Bagdogra,,India,26.69929,88.31177
Indergarh,,India,26.93521,79.6712
Lāsalgaon,,India,20.1427,74.23946
Periyakottai,,India,10.59095,77.27967
Edakkazhiyūr,,India,10.62276,75.99651
Phirangipuram,,India,16.29078,80.26233
Nārsala,,India,21.08973,79.13586
Keezhkulam,,India,8.23073,77.18626
Jalalpore,,India,20.94896,72.89829
Chhala,,India,23.30779,72.77404
Sivagirippatti,,India,10.45015,77.53035
Āthagarh,,India,20.51999,85.62965
Lakhnādon,,India,22.60049,79.60094
Takhatgarh,,India,25.32235,73.00487
Talwandi Bhai,,India,30.85584,74.92979
Mūlki,,India,13.09101,74.79353
Kāttatturai,,India,8.28486,77.27551
Bhānpurī,,India,21.0919,80.93218
Kulasegaram,,India,8.36319,77.29777
Deori,,India,22.09901,82.2664
Nilagiri,,India,21.46235,86.76794
Mannarai,,India,11.11723,77.37256
Ajara,,India,16.11601,74.21097
Bhikshāndārkovil,,India,10.88266,78.70456
Jagalūr,,India,14.51957,76.33915
Palangarai,,India,11.19782,77.30583
Virajpet,,India,12.19644,75.80512
Nārnaund,,India,29.22047,76.14278
Pudūr,,India,11.436,77.67603
Bālugaon,,India,20.17838,85.11327
Irivēri,,India,11.85586,75.47362
Alnāvar,,India,15.42727,74.74111
Bilthra,,India,26.12705,83.89148
Anaimalai,,India,10.58303,76.93441
Guru Har Sahāi,,India,30.70862,74.40407
Tangla,,India,26.65693,91.91381
Mendarda,,India,21.32112,70.44078
Taleigao,,India,15.46915,73.83285
Jāwad,,India,24.59916,74.86261
Basukinath,,India,24.39446,87.08643
Uttarkāshi,,India,30.72986,78.44342
Rājgarh,,India,22.67821,74.94483
Ayyalur,,India,10.48185,78.15639
Kolaccheri,,India,11.97634,75.41675
Nāranammālpuram,,India,8.75985,77.73986
Chālakilakākara,,India,11.85404,75.43869
Shaktinagar,,India,16.36491,77.35863
Amroli,,India,21.25084,72.83878
Chalāla,,India,21.41073,71.16621
Samālka,,India,28.53499,77.09079
Mēppādam,,India,9.32416,76.4934
Madambakkam,,India,12.8525,80.04667
Nongpoh,,India,25.9023,91.87694
Mahiari,,India,22.58826,88.23544
Naraina,,India,26.79069,75.20608
Kokōtamangalam South,,India,9.67948,76.35889
Teonthar,,India,24.98207,81.64194
Jigani,,India,12.78612,77.63855
Nayāgarh,,India,20.12882,85.09626
Kusum Pur,,India,28.55472,77.1573
Eravattūr,,India,11.58006,75.73841
Nawābganj,,India,26.86396,82.14103
Maghar,,India,26.75586,83.12773
Varam,,India,11.89959,75.41323
Ongallur-I,,India,10.80268,76.21855
Bicholim,,India,15.59319,73.94571
Hukumpeta,,India,16.98874,81.8017
Valvachatottam,,India,8.28031,77.25612
Bijaipur,,India,26.05052,77.37138
Garhshankar,,India,31.21537,76.14149
Dirba,,India,30.07222,75.99607
Rānpur,,India,22.35161,71.71179
Dukli,,India,23.7984,91.29642
Manjhanpur,,India,25.53046,81.37566
Mihona,,India,26.28373,78.98048
Gothara,,India,28.0662,75.81772
Mākum,,India,27.48652,95.43646
Kalghatgi,,India,15.18315,74.97099
Eruvatti,,India,11.80621,75.53023
Merta Road,,India,26.72269,73.91762
Tanakpur,,India,29.074,80.11139
Undera,,India,22.34835,73.13313
Khed,,India,17.71888,73.39693
Kutiyāna,,India,21.6241,69.98494
Sultanpur,,India,31.21468,75.19602
Ahor,,India,25.3687,72.78038
Sirālkoppa,,India,14.3807,75.25007
Sithurajapuram,,India,9.42137,77.78732
Vandalūr,,India,12.8924,80.08079
Moreh,,India,24.2508,94.30073
Chelamartam,,India,10.13711,76.45696
Challapalle,,India,16.11756,80.93139
Konārka,,India,19.89021,86.09761
Gandevi,,India,20.81214,72.99811
Āchāripallam Vāniyakudi,,India,8.17428,77.38486
Peralassery,,India,11.83223,75.48252
Bara Uchāna,,India,29.46747,76.17798
Arkalgūd,,India,12.76171,76.06035
Kāmākhyānagar,,India,20.93385,85.54489
Budhni,,India,22.78659,77.68109
Pinarāyi,,India,11.8049,75.481
Pāchchal,,India,12.51115,78.55524
Navalpattu,,India,10.75051,78.77626
Vathirairuppu,,India,9.63528,77.63889
Sivagiri,,India,11.12026,77.78811
Bāwal,,India,28.07184,76.58312
Hanumana,,India,24.77888,82.096
Porathissery,,India,10.37638,76.20149
Vallam,,India,10.71988,79.05981
Āmta,,India,22.58344,88.01039
Vāda,,India,19.65347,73.14811
Kadod,,India,21.21717,73.21972
Valavanur,,India,11.92094,79.58239
Khapat,,India,21.65414,69.61259
Bābai,,India,22.70256,77.93494
Harsūd,,India,22.09947,76.73423
Andada,,India,21.65588,73.02151
Beri Khās,,India,28.70146,76.57708
Dera Māndi,,India,28.43597,77.17601
Chanaje,,India,18.86131,72.95257
Sāmbūrvadakara,,India,8.99856,77.38763
Thorapadi,,India,12.89154,79.12381
Karingal,,India,8.23634,77.24256
Nal Khera,,India,23.83602,76.24316
Piriyāpatna,,India,12.33497,76.10073
Nohsa,,India,25.56528,85.05599
Phaphūnd,,India,26.59888,79.46437
Sarangpore,,India,21.63585,73.04752
Babrāla,,India,28.26419,78.4056
Vīrnūr,,India,11.84433,77.8473
Ajaigarh,,India,24.89879,80.25921
Baihar,,India,22.10133,80.54967
Malīhābād,,India,26.92223,80.71078
Jhūsi,,India,25.43745,81.9055
Trajpar,,India,22.81567,70.86653
Pudusseri,,India,10.75824,76.78594
Pattamadai,,India,8.67258,77.58447
Cuncolim,,India,15.1773,73.99392
Pathalgaon,,India,22.55656,83.46355
Baliguda,,India,20.19966,83.90938
Āsind,,India,25.7342,74.33278
Vāghodia,,India,22.30505,73.40016
Nazareth,,India,8.56102,77.97214
Samurou,,India,24.70095,93.90332
Madhuban,,India,23.78152,91.28579
Lālpettai,,India,11.30088,79.55612
Sālūmbar,,India,24.13524,74.04442
Sonkach,,India,22.97166,76.34667
Jāmbai,,India,11.46775,77.64339
Kōtekāra,,India,12.7929,74.87217
Chāndāmeta,,India,22.19093,78.73032
Kiphire,,India,25.86785,94.78572
Khātra,,India,22.97617,86.85462
Gorāya,,India,31.12411,75.7724
Sundakkāmpālaiyam,,India,10.56659,77.21354
Sindkhed Raja,,India,19.95363,76.12637
Susner,,India,23.94667,76.08825
Bharwāri,,India,25.56078,81.49164
Chendrappini,,India,10.35552,76.1282
Rāni Khera,,India,28.70604,77.02584
Bhainsdehi,,India,21.64491,77.63023
Kankauli,,India,16.26609,73.71217
Gokavaram,,India,17.25823,81.84985
Padampur,,India,20.99932,83.06325
Curti,,India,15.41667,74.01667
Nambiyūr,,India,11.35811,77.32115
Lochapada,,India,19.32873,84.80065
Bargūr,,India,12.54288,78.35735
Dharampuri,,India,22.14951,75.34439
Shopian,,India,33.71723,74.83413
Mūllānpur,,India,30.85457,75.66089
Ūttukuli,,India,10.65193,76.9778
Kandāri,,India,21.06076,75.8098
Khada,,India,27.18333,83.88333
Jasidih,,India,24.51379,86.64576
Kargil,,India,34.55765,76.12622
Kotapārh,,India,19.14256,82.32536
Tikri Kalān,,India,28.68355,76.97007
Chākuliā,,India,22.48301,86.71793
Shāhgarh,,India,24.31365,79.11806
Kadamakudi,,India,10.06416,76.24565
Annāmalainagar,,India,11.4,79.73333
Āmbāsa,,India,23.936,91.85436
Arumanai,,India,8.36696,77.24333
Anandpur,,India,31.23926,76.50253
Omalur,,India,11.74099,78.04559
Hatti,,India,16.19836,76.66037
Chennimalai,,India,11.16378,77.60388
Madukkūr,,India,10.48098,79.39939
Bahula,,India,23.65176,87.16475
Ayyampettāi,,India,10.90141,79.17984
Naroli,,India,20.27354,72.94167
Nūh,,India,28.10296,77.00144
Thimiri,,India,12.82828,79.30792
Ellakkudi,,India,10.80603,78.75031
Kamalganj,,India,27.26181,79.63134
Bhikangaon,,India,21.86764,75.96391
Neelagiri,,India,10.75943,79.09337
Jalakandapuram,,India,11.69779,77.87298
Mullānwāla,,India,31.06189,74.82277
Pandaria,,India,22.22495,81.40994
Thiruvaiyaru,,India,10.88405,79.10362
Elandakuttai,,India,11.40598,77.77501
Sānwer,,India,22.97415,75.8271
Nallavila,,India,8.20549,77.34439
Kāmayakkavundanpatti,,India,9.73861,77.31999
Bījāpur,,India,18.79387,80.81599
Kuthalam,,India,11.07431,79.56222
Chengalam,,India,9.59657,76.46776
Cherukunnu,,India,11.99564,75.28717
Kuda,,India,25.89086,93.7388
Chevvoor,,India,10.45862,76.2088
Vāniyamkulam,,India,10.78303,76.33358
Tevāram,,India,9.89666,77.28092
Bhiloda,,India,23.7676,73.24704
Shāhi,,India,28.55023,79.31761
Kedia,,India,23.79454,85.58724
Simga,,India,21.6281,81.70376
Kandamkunnu,,India,11.86948,75.58079
Kudāl,,India,16.01148,73.68867
Utnūr,,India,19.36798,78.77608
Hindoria,,India,23.90345,79.56861
Betma,,India,22.68653,75.61456
Kappiyara,,India,8.24661,77.26171
Vellakkinar,,India,11.07364,76.95663
Balaungi,,India,30.73058,76.69368
Hājo,,India,26.2452,91.52525
Māliya,,India,23.09296,70.75885
Kombai,,India,9.84745,77.29603
Asāra,,India,29.24714,77.30886
Koothappar,,India,10.79709,78.79231
Udalguri,,India,26.75367,92.10215
Vaso,,India,22.66079,72.75519
Chānasma,,India,23.71472,72.11279
Boothapandi,,India,8.26586,77.44606
Bharanikāvu Tekku,,India,9.18485,76.56076
Rura,,India,26.49001,79.90108
Bunjwah,,India,33.14584,75.9479
Chandia,,India,23.65647,80.70911
Vijayapuri North,,India,16.58534,79.32046
Khaniādhāna,,India,25.02983,78.12709
Kannampālaiyam,,India,10.99544,77.09904
Pipraich,,India,26.82745,83.52632
Abhayāpuri,,India,26.32255,90.68526
Srivaikuntam,,India,8.62931,77.91281
Sunel,,India,24.37065,75.95708
Sisauli,,India,29.41386,77.4689
Unhel,,India,23.33794,75.55931
Marattakara,,India,10.47327,76.25577
Vadakkēkkād,,India,10.66354,76.00326
Domchānch,,India,24.47484,85.69213
Molakālumuru,,India,14.71783,76.74677
Jalda,,India,22.1872,84.84359
Jodiya Bandar,,India,22.71667,70.28333
Dera Colliery Township,,India,20.95283,85.17174
Holalkere,,India,14.04295,76.18496
Dumra,,India,26.56708,85.5204
Pudukkottai,,India,9.93731,78.05325
Mennānyam,,India,11.5579,75.75964
Binika,,India,21.02626,83.81197
Sonpet,,India,19.02594,76.47394
Bāngarda,,India,22.7592,75.79536
Dhārni,,India,21.55333,76.88972
Thandla,,India,23.00959,74.57747
Khuldābād,,India,20.00671,75.19245
Elumalai,,India,9.86501,77.69923
Khetia,,India,21.67124,74.58535
Bhudgaon,,India,16.90742,74.59954
Khusropur,,India,25.48174,85.38492
Yerkhera,,India,21.21649,79.18545
Khatīma,,India,28.92134,79.97075
Bari Sādri,,India,24.41339,74.47331
Dāpoli,,India,17.75927,73.18816
Kumārapālaiyam,,India,11.5021,77.25554
Kabilpor,,India,20.95078,72.9583
Periyapatti,,India,11.20516,78.15118
Yamjāl,,India,17.26944,78.57667
Rāhon,,India,31.05275,76.11907
Vadakāncheri,,India,10.66039,76.24656
Bagar,,India,28.18784,75.50012
Manaveli,,India,11.89091,79.81037
Manthani,,India,18.65087,79.66501
Vidyavihar,,India,28.36812,75.58398
Neb Sarai,,India,28.50841,77.20063
Lakhipur,,India,26.03001,90.30611
Panangad,,India,10.27284,76.17475
Chokkanāthapuram,,India,9.99207,77.35657
Kamatgi,,India,16.07786,75.81321
Khūtār,,India,28.20307,80.27046
Sātalkheri,,India,24.65218,75.99826
Maval,,India,18.75527,73.44428
Kasāra,,India,19.6451,73.47434
Agaram,,India,10.44325,77.94848
Baben,,India,21.13725,73.09647
Nārāyankher,,India,18.03413,77.77284
Salangaippālaiyam,,India,11.42599,77.57074
Baberu,,India,25.54711,80.70443
Danta,,India,27.29636,75.18665
Bādshāhpur,,India,28.39317,77.04919
Chengala,,India,12.49839,75.0503
Haripād,,India,9.28358,76.45519
Gulgam,,India,34.55005,74.21729
Kuchinda,,India,21.74356,84.34848
Husainpur,,India,31.31185,75.32172
Kompalli,,India,17.54499,78.48836
Kalher,,India,19.24724,73.01515
Toshām,,India,28.86993,75.9165
Ponmana,,India,8.35525,77.3283
Sanjan,,India,20.19165,72.81827
Bilsanda,,India,28.24341,79.95135
Leteri,,India,24.05979,77.40858
Vettavalam,,India,12.10769,79.24516
Mani Mājra,,India,30.71397,76.83824
Kurwai,,India,24.11722,78.03833
Taranagar,,India,23.96877,91.37081
Kosigi,,India,15.8551,77.24463
Brāhmanān di Bāri,,India,32.64398,74.91099
Tindal,,India,11.31691,77.67422
Kalugumalai,,India,9.14941,77.70569
Tīrthahalli,,India,13.68835,75.24548
Ajeetgarh,,India,27.41933,75.82143
Parvatsar,,India,26.88604,74.76602
Kachhwa,,India,25.20615,82.71442
Rāmachandrapuran,,India,17.51258,78.28854
Rāmpur,,India,21.07351,84.34095
Sāyla,,India,22.54925,71.48324
Seoni Chhapāra,,India,22.39388,79.54236
Purushottampur,,India,19.52024,84.88514
Bāh,,India,26.86912,78.59385
Kanhirode,,India,11.91842,75.4645
Davorlim,,India,15.27221,73.99242
Dornakal,,India,17.44475,80.14905
Morampudi,,India,16.98005,81.83715
Penha de França,,India,15.51705,73.83537
Kanchanpur,,India,24.03592,92.19959
Badgām,,India,34.01524,74.72074
Pappinivattom,,India,10.29372,76.15835
Pālaiyam,,India,10.72561,78.13538
Mīrganj,,India,28.54012,79.20817
Dārāsuram,,India,10.9499,79.35607
Kushālnagar,,India,12.45795,75.95904
Sayan,,India,21.31977,72.88167
Katangi,,India,21.77369,79.80513
Bhauri,,India,24.66094,72.91401
Kāthor,,India,21.28854,72.9407
Villukuri,,India,8.2226,77.37323
Bāonlī,,India,26.32611,76.22829
Bāntva,,India,21.48815,70.07576
Chimbel,,India,15.49261,73.87474
Dalkola,,India,25.87577,87.84009
Srīvardhan,,India,18.04592,73.01552
Vilattikulam,,India,9.13227,78.16635
Koratagere,,India,13.522,77.2373
Thekkumkara,,India,10.28194,76.21322
Bommasandra Industrial Area,,India,12.81774,77.68415
Kudali,,India,11.91982,75.47218
Yadagirigutta,,India,17.58894,78.94336
Mūlanūr,,India,10.79426,77.7115
Ichhāwar,,India,23.02816,77.01729
Sāram,,India,23.76254,85.83003
Jugiāl,,India,32.36839,75.67819
Goniāna Mandi,,India,30.31679,74.91254
Gangolli,,India,13.65024,74.67072
R.S. Pora,,India,32.60591,74.7334
Niz-Hajo,,India,26.24942,91.5243
Kīlattingal,,India,8.69264,76.79332
Kangeyanallur,,India,12.95081,79.15062
Buguda,,India,19.80806,84.79084
Khāpa,,India,21.42243,78.98168
Petlāwad,,India,23.01102,74.79772
Mahabalipuram,,India,12.62091,80.19331
Ghantapada,,India,20.93453,85.18788
Sultan Pur,,India,28.49555,77.16112
Lormi,,India,22.27434,81.70181
Ottakkadai,,India,9.95795,78.18863
Korwai,,India,24.11774,78.04007
Kenda,,India,23.1959,86.51499
Karamuck,,India,10.48421,76.10445
Pupri,,India,26.47079,85.70311
Āyikudi,,India,9.00322,77.34494
Saligram,,India,13.49908,74.70943
Shrivardhan,,India,18.05318,73.0011
Garot,,India,24.32342,75.65204
Phek,,India,25.66667,94.5
Sorada,,India,19.76082,84.42997
Kizhariyūr,,India,11.4982,75.68069
Kharhiāl,,India,20.28845,82.7606
Tirunāgeswaram,,India,10.96464,79.4293
Naraini,,India,25.19033,80.475
Lālpur,,India,22.19073,69.96351
Amīngarh,,India,16.05662,75.94773
Panth Pīplia,,India,24.19511,75.00603
Usehat,,India,27.79796,79.23763
Ālūr,,India,8.19311,77.36428
Pachperwa,,India,27.51234,82.64297
Sumbal,,India,34.23072,74.6472
Khamaria,,India,23.22558,79.88007
Misrikh,,India,27.43137,80.53157
Ūn,,India,29.58479,77.2554
Kāveripatnam,,India,12.42186,78.2188
Ahwa,,India,20.75718,73.68626
